model,seed,epoch,loss,val_acc,test_acc
GCN,0,1,1.9461193084716797,0.178,0.165
GCN,0,2,1.9416146278381348,0.222,0.203
GCN,0,3,1.9366559982299805,0.282,0.281
GCN,0,4,1.9312046766281128,0.346,0.363
GCN,0,5,1.9253374338150024,0.372,0.368
GCN,0,6,1.920871376991272,0.448,0.48
GCN,0,7,1.911107063293457,0.52,0.551
GCN,0,8,1.903410792350769,0.562,0.629
GCN,0,9,1.8932071924209595,0.638,0.681
GCN,0,10,1.8850103616714478,0.642,0.659
GCN,0,11,1.876802921295166,0.572,0.607
GCN,0,12,1.8654190301895142,0.52,0.554
GCN,0,13,1.857056975364685,0.5,0.517
GCN,0,14,1.84286630153656,0.48,0.507
GCN,0,15,1.8295148611068726,0.494,0.523
GCN,0,16,1.826088786125183,0.532,0.559
GCN,0,17,1.8060320615768433,0.59,0.617
GCN,0,18,1.7894351482391357,0.616,0.652
GCN,0,19,1.7713066339492798,0.632,0.686
GCN,0,20,1.764293909072876,0.662,0.706
GCN,0,21,1.7451227903366089,0.674,0.719
GCN,0,22,1.7481870651245117,0.696,0.725
GCN,0,23,1.719697117805481,0.714,0.731
GCN,0,24,1.6970514059066772,0.714,0.726
GCN,0,25,1.7003436088562012,0.706,0.727
GCN,0,26,1.6582518815994263,0.71,0.727
GCN,0,27,1.648128628730774,0.714,0.735
GCN,0,28,1.6290146112442017,0.702,0.741
GCN,0,29,1.6109285354614258,0.69,0.738
GCN,0,30,1.5989623069763184,0.688,0.738
GCN,0,31,1.5813382863998413,0.706,0.747
GCN,0,32,1.5615642070770264,0.722,0.755
GCN,0,33,1.5313729047775269,0.728,0.751
GCN,0,34,1.5199884176254272,0.728,0.75
GCN,0,35,1.508340835571289,0.734,0.752
GCN,0,36,1.4683109521865845,0.732,0.752
GCN,0,37,1.452384352684021,0.73,0.758
GCN,0,38,1.4371331930160522,0.728,0.757
GCN,0,39,1.3968580961227417,0.724,0.756
GCN,0,40,1.387306571006775,0.728,0.754
GCN,0,41,1.3941760063171387,0.728,0.75
GCN,0,42,1.3502689599990845,0.734,0.749
GCN,0,43,1.3527488708496094,0.738,0.752
GCN,0,44,1.3035194873809814,0.736,0.758
GCN,0,45,1.3043380975723267,0.744,0.756
GCN,0,46,1.2382869720458984,0.744,0.76
GCN,0,47,1.254612922668457,0.742,0.766
GCN,0,48,1.2249876260757446,0.756,0.768
GCN,0,49,1.2045477628707886,0.754,0.771
GCN,0,50,1.1712647676467896,0.758,0.77
GCN,0,51,1.152883529663086,0.764,0.778
GCN,0,52,1.15056312084198,0.772,0.782
GCN,0,53,1.1637285947799683,0.772,0.785
GCN,0,54,1.130133032798767,0.772,0.787
GCN,0,55,1.1146807670593262,0.774,0.784
GCN,0,56,1.0919742584228516,0.77,0.786
GCN,0,57,1.0667719841003418,0.78,0.785
GCN,0,58,1.0308412313461304,0.778,0.786
GCN,0,59,1.0088794231414795,0.772,0.785
GCN,0,60,1.0037192106246948,0.774,0.785
GCN,0,61,0.9956525564193726,0.772,0.788
GCN,0,62,0.9759318828582764,0.782,0.788
GCN,0,63,0.9393256306648254,0.78,0.789
GCN,0,64,0.941876232624054,0.78,0.788
GCN,0,65,0.9326356053352356,0.782,0.787
GCN,0,66,0.915921688079834,0.784,0.787
GCN,0,67,0.9402254223823547,0.788,0.792
GCN,0,68,0.8924669623374939,0.788,0.793
GCN,0,69,0.8691616654396057,0.784,0.797
GCN,0,70,0.8553813099861145,0.782,0.795
GCN,0,71,0.8301975727081299,0.782,0.799
GCN,0,72,0.7949516773223877,0.784,0.799
GCN,0,73,0.84220290184021,0.784,0.805
GCN,0,74,0.8126418590545654,0.782,0.806
GCN,0,75,0.7966369390487671,0.778,0.802
GCN,0,76,0.7982892990112305,0.782,0.802
GCN,0,77,0.7810179591178894,0.784,0.798
GCN,0,78,0.7610588669776917,0.786,0.798
GCN,0,79,0.7817227244377136,0.788,0.802
GCN,0,80,0.7512043118476868,0.788,0.806
GCN,0,81,0.7530897259712219,0.79,0.805
GCN,0,82,0.7348508238792419,0.792,0.807
GCN,0,83,0.7168490886688232,0.794,0.806
GCN,0,84,0.7067616581916809,0.794,0.805
GCN,0,85,0.7336004972457886,0.794,0.806
GCN,0,86,0.6772184371948242,0.792,0.802
GCN,0,87,0.6950002312660217,0.786,0.804
GCN,0,88,0.6663551330566406,0.784,0.807
GCN,0,89,0.6678177714347839,0.784,0.81
GCN,0,90,0.6567851305007935,0.786,0.811
GCN,0,91,0.6872119307518005,0.788,0.809
GCN,0,92,0.6189513206481934,0.794,0.809
GCN,0,93,0.6284291744232178,0.8,0.808
GCN,0,94,0.6295568346977234,0.798,0.801
GCN,0,95,0.6453453898429871,0.788,0.8
GCN,0,96,0.6250415444374084,0.78,0.801
GCN,0,97,0.6110231876373291,0.778,0.802
GCN,0,98,0.6216612458229065,0.778,0.799
GCN,0,99,0.5946236252784729,0.78,0.797
GCN,0,100,0.571912944316864,0.786,0.798
GCN,0,101,0.5593361854553223,0.786,0.804
GCN,0,102,0.617215096950531,0.788,0.803
GCN,0,103,0.5899656414985657,0.79,0.805
GCN,0,104,0.5734934210777283,0.792,0.809
GCN,0,105,0.6202458739280701,0.792,0.808
GCN,0,106,0.5806162357330322,0.796,0.811
GCN,0,107,0.561400830745697,0.79,0.814
GCN,0,108,0.5716887712478638,0.78,0.814
GCN,0,109,0.5974553823471069,0.778,0.811
GCN,0,110,0.5354782342910767,0.782,0.806
GCN,0,111,0.5207751393318176,0.776,0.806
GCN,0,112,0.553491473197937,0.774,0.804
GCN,0,113,0.5187295079231262,0.776,0.806
GCN,0,114,0.5459917187690735,0.78,0.804
GCN,0,115,0.5348178744316101,0.788,0.807
GCN,0,116,0.5015629529953003,0.788,0.803
GCN,0,117,0.4660322964191437,0.788,0.804
GCN,0,118,0.5005472302436829,0.788,0.807
GCN,0,119,0.5192495584487915,0.786,0.812
GCN,0,120,0.5186222791671753,0.786,0.812
GCN,0,121,0.5035483241081238,0.784,0.81
GCN,0,122,0.5144541263580322,0.784,0.809
GCN,0,123,0.512248694896698,0.784,0.808
GCN,0,124,0.5060269236564636,0.786,0.806
GCN,0,125,0.48629555106163025,0.788,0.805
GCN,0,126,0.4867991805076599,0.786,0.805
GCN,0,127,0.48153284192085266,0.79,0.802
GCN,0,128,0.4859977662563324,0.786,0.805
GCN,0,129,0.47791290283203125,0.786,0.808
GCN,0,130,0.4671393930912018,0.784,0.81
GCN,0,131,0.48473724722862244,0.786,0.81
GCN,0,132,0.4974675178527832,0.79,0.813
GCN,0,133,0.49879536032676697,0.79,0.814
GCN,0,134,0.46658989787101746,0.792,0.816
GCN,0,135,0.45878705382347107,0.792,0.818
GCN,0,136,0.4309360682964325,0.788,0.815
GCN,0,137,0.4721176028251648,0.788,0.81
GCN,0,138,0.46859976649284363,0.784,0.816
GCN,0,139,0.4823412299156189,0.79,0.815
GCN,0,140,0.4308830201625824,0.792,0.813
GCN,0,141,0.42219269275665283,0.792,0.809
GCN,0,142,0.4714023172855377,0.788,0.804
GCN,0,143,0.4435894787311554,0.788,0.808
GCN,0,144,0.4404495060443878,0.784,0.81
GCN,0,145,0.41021016240119934,0.784,0.812
GCN,0,146,0.4356589615345001,0.782,0.814
GCN,0,147,0.4524664878845215,0.784,0.813
GCN,0,148,0.43339109420776367,0.784,0.812
GCN,0,149,0.44031211733818054,0.784,0.812
GCN,0,150,0.410930871963501,0.788,0.812
GCN,0,151,0.4424770176410675,0.786,0.811
GCN,0,152,0.39867159724235535,0.788,0.81
GCN,0,153,0.45199060440063477,0.79,0.81
GCN,0,154,0.3806191086769104,0.788,0.807
GCN,0,155,0.4264492094516754,0.786,0.807
GCN,0,156,0.38675543665885925,0.788,0.812
GCN,0,157,0.42689377069473267,0.79,0.808
GCN,0,158,0.3859705924987793,0.79,0.805
GCN,0,159,0.3992452025413513,0.792,0.808
GCN,0,160,0.39109179377555847,0.79,0.811
GCN,0,161,0.3967810273170471,0.784,0.81
GCN,0,162,0.37028762698173523,0.786,0.81
GCN,0,163,0.3774159848690033,0.778,0.811
GCN,0,164,0.42956408858299255,0.78,0.809
GCN,0,165,0.3870822489261627,0.786,0.812
GCN,0,166,0.3929399847984314,0.788,0.807
GCN,0,167,0.3613555133342743,0.786,0.805
GCN,0,168,0.41369184851646423,0.786,0.806
GCN,0,169,0.399258553981781,0.79,0.809
GCN,0,170,0.41936174035072327,0.796,0.805
GCN,0,171,0.35841965675354004,0.794,0.805
GCN,0,172,0.40186741948127747,0.79,0.806
GCN,0,173,0.4094170331954956,0.786,0.807
GCN,0,174,0.36324068903923035,0.784,0.807
GCN,0,175,0.4064801335334778,0.782,0.809
GCN,0,176,0.39797329902648926,0.78,0.811
GCN,0,177,0.371288925409317,0.782,0.811
GCN,0,178,0.38448280096054077,0.79,0.809
GCN,0,179,0.3623362183570862,0.786,0.807
GCN,0,180,0.34641924500465393,0.788,0.806
GCN,0,181,0.35860979557037354,0.788,0.804
GCN,0,182,0.36896854639053345,0.79,0.803
GCN,0,183,0.3610228896141052,0.79,0.802
GCN,0,184,0.39247021079063416,0.79,0.803
GCN,0,185,0.3347720205783844,0.79,0.799
GCN,0,186,0.36084163188934326,0.784,0.8
GCN,0,187,0.37450170516967773,0.786,0.802
GCN,0,188,0.3321072459220886,0.786,0.806
GCN,0,189,0.353614866733551,0.784,0.81
GCN,0,190,0.3651864528656006,0.782,0.811
GCN,0,191,0.34244707226753235,0.788,0.81
GCN,0,192,0.35790833830833435,0.79,0.808
GCN,0,193,0.34047722816467285,0.792,0.809
GCN,0,194,0.3344983458518982,0.79,0.808
GCN,0,195,0.36776992678642273,0.786,0.808
GCN,0,196,0.3861861526966095,0.784,0.803
GCN,0,197,0.3504827320575714,0.784,0.799
GCN,0,198,0.3645138740539551,0.784,0.796
GCN,0,199,0.3286905288696289,0.784,0.796
GCN,0,200,0.38463178277015686,0.784,0.802
GCN,1,1,1.945212721824646,0.236,0.246
GCN,1,2,1.9391226768493652,0.306,0.29
GCN,1,3,1.9329768419265747,0.356,0.381
GCN,1,4,1.9241241216659546,0.38,0.418
GCN,1,5,1.9149625301361084,0.382,0.404
GCN,1,6,1.905848503112793,0.408,0.445
GCN,1,7,1.8958238363265991,0.428,0.453
GCN,1,8,1.8815618753433228,0.472,0.487
GCN,1,9,1.8710150718688965,0.5,0.512
GCN,1,10,1.8626419305801392,0.528,0.528
GCN,1,11,1.853951096534729,0.538,0.538
GCN,1,12,1.8392528295516968,0.554,0.55
GCN,1,13,1.825461745262146,0.578,0.564
GCN,1,14,1.817520022392273,0.592,0.586
GCN,1,15,1.7966190576553345,0.6,0.609
GCN,1,16,1.7850680351257324,0.62,0.629
GCN,1,17,1.7722392082214355,0.624,0.632
GCN,1,18,1.7505605220794678,0.62,0.627
GCN,1,19,1.742786169052124,0.622,0.631
GCN,1,20,1.7190823554992676,0.62,0.634
GCN,1,21,1.7003954648971558,0.628,0.648
GCN,1,22,1.6846582889556885,0.638,0.662
GCN,1,23,1.6581734418869019,0.65,0.67
GCN,1,24,1.6382431983947754,0.66,0.685
GCN,1,25,1.6390345096588135,0.666,0.692
GCN,1,26,1.6341580152511597,0.674,0.697
GCN,1,27,1.5936847925186157,0.67,0.698
GCN,1,28,1.5668665170669556,0.674,0.7
GCN,1,29,1.5635937452316284,0.674,0.701
GCN,1,30,1.5401240587234497,0.676,0.706
GCN,1,31,1.5142340660095215,0.678,0.708
GCN,1,32,1.4778565168380737,0.686,0.712
GCN,1,33,1.4794560670852661,0.686,0.711
GCN,1,34,1.4415727853775024,0.69,0.712
GCN,1,35,1.422016978263855,0.69,0.72
GCN,1,36,1.4060704708099365,0.7,0.731
GCN,1,37,1.3628379106521606,0.712,0.737
GCN,1,38,1.3465389013290405,0.726,0.743
GCN,1,39,1.353569507598877,0.738,0.745
GCN,1,40,1.3098857402801514,0.74,0.748
GCN,1,41,1.2666202783584595,0.742,0.746
GCN,1,42,1.2462842464447021,0.742,0.745
GCN,1,43,1.2317620515823364,0.742,0.746
GCN,1,44,1.205368161201477,0.744,0.749
GCN,1,45,1.2050780057907104,0.746,0.756
GCN,1,46,1.1886239051818848,0.748,0.76
GCN,1,47,1.176579236984253,0.754,0.762
GCN,1,48,1.1156127452850342,0.76,0.77
GCN,1,49,1.116541862487793,0.758,0.773
GCN,1,50,1.0939007997512817,0.762,0.777
GCN,1,51,1.0726038217544556,0.764,0.777
GCN,1,52,1.065646767616272,0.758,0.778
GCN,1,53,1.0327004194259644,0.762,0.775
GCN,1,54,1.0379823446273804,0.762,0.773
GCN,1,55,0.9877068400382996,0.762,0.774
GCN,1,56,0.9521834254264832,0.762,0.775
GCN,1,57,0.9464441537857056,0.766,0.778
GCN,1,58,0.922071099281311,0.764,0.778
GCN,1,59,0.9141548871994019,0.764,0.786
GCN,1,60,0.9231749176979065,0.764,0.788
GCN,1,61,0.8951439261436462,0.77,0.792
GCN,1,62,0.8646009564399719,0.768,0.791
GCN,1,63,0.8463183045387268,0.766,0.792
GCN,1,64,0.8212432265281677,0.766,0.792
GCN,1,65,0.8072640299797058,0.766,0.793
GCN,1,66,0.8099938631057739,0.766,0.792
GCN,1,67,0.7747002243995667,0.768,0.789
GCN,1,68,0.813337504863739,0.764,0.794
GCN,1,69,0.7718384265899658,0.766,0.795
GCN,1,70,0.7501930594444275,0.762,0.8
GCN,1,71,0.7030119895935059,0.764,0.803
GCN,1,72,0.751439094543457,0.77,0.807
GCN,1,73,0.7215909957885742,0.776,0.809
GCN,1,74,0.7062188982963562,0.776,0.809
GCN,1,75,0.7139610052108765,0.774,0.809
GCN,1,76,0.6825052499771118,0.772,0.805
GCN,1,77,0.6790531277656555,0.772,0.806
GCN,1,78,0.6670515537261963,0.772,0.806
GCN,1,79,0.700938880443573,0.772,0.804
GCN,1,80,0.6591982841491699,0.772,0.804
GCN,1,81,0.6406275033950806,0.768,0.804
GCN,1,82,0.6350158452987671,0.77,0.801
GCN,1,83,0.6346694231033325,0.772,0.804
GCN,1,84,0.6593448519706726,0.78,0.806
GCN,1,85,0.5983976125717163,0.782,0.808
GCN,1,86,0.5972160696983337,0.782,0.81
GCN,1,87,0.5887468457221985,0.776,0.81
GCN,1,88,0.6022328734397888,0.776,0.811
GCN,1,89,0.6030780076980591,0.772,0.81
GCN,1,90,0.5860190987586975,0.77,0.806
GCN,1,91,0.5761040449142456,0.77,0.809
GCN,1,92,0.5734108686447144,0.776,0.809
GCN,1,93,0.5603155493736267,0.78,0.809
GCN,1,94,0.5241690278053284,0.782,0.811
GCN,1,95,0.5423492789268494,0.776,0.809
GCN,1,96,0.5416057109832764,0.778,0.809
GCN,1,97,0.5470905303955078,0.78,0.811
GCN,1,98,0.5539342761039734,0.774,0.81
GCN,1,99,0.5082855820655823,0.776,0.81
GCN,1,100,0.5263938903808594,0.776,0.812
GCN,1,101,0.5188055634498596,0.78,0.817
GCN,1,102,0.5103445053100586,0.784,0.819
GCN,1,103,0.48239582777023315,0.778,0.817
GCN,1,104,0.4823914170265198,0.78,0.813
GCN,1,105,0.47106677293777466,0.784,0.811
GCN,1,106,0.522148072719574,0.782,0.81
GCN,1,107,0.5159407258033752,0.784,0.81
GCN,1,108,0.4932520091533661,0.78,0.81
GCN,1,109,0.4882143437862396,0.778,0.813
GCN,1,110,0.4813675582408905,0.78,0.81
GCN,1,111,0.48250770568847656,0.784,0.81
GCN,1,112,0.4837416410446167,0.784,0.81
GCN,1,113,0.4395512044429779,0.786,0.811
GCN,1,114,0.4468211531639099,0.79,0.81
GCN,1,115,0.44481444358825684,0.786,0.811
GCN,1,116,0.47452306747436523,0.786,0.811
GCN,1,117,0.4172472059726715,0.79,0.811
GCN,1,118,0.4352351725101471,0.786,0.811
GCN,1,119,0.44295790791511536,0.786,0.811
GCN,1,120,0.4221174716949463,0.786,0.813
GCN,1,121,0.4741326570510864,0.788,0.812
GCN,1,122,0.4385756850242615,0.786,0.811
GCN,1,123,0.4307362735271454,0.782,0.81
GCN,1,124,0.42335525155067444,0.774,0.808
GCN,1,125,0.43811482191085815,0.772,0.806
GCN,1,126,0.43181148171424866,0.772,0.806
GCN,1,127,0.45210638642311096,0.774,0.807
GCN,1,128,0.44198134541511536,0.772,0.805
GCN,1,129,0.43765339255332947,0.776,0.809
GCN,1,130,0.39974164962768555,0.776,0.815
GCN,1,131,0.4226168394088745,0.778,0.816
GCN,1,132,0.40221893787384033,0.778,0.814
GCN,1,133,0.3886135518550873,0.782,0.814
GCN,1,134,0.3780668377876282,0.782,0.813
GCN,1,135,0.43963614106178284,0.782,0.811
GCN,1,136,0.37892383337020874,0.786,0.814
GCN,1,137,0.41864123940467834,0.784,0.813
GCN,1,138,0.38974350690841675,0.78,0.809
GCN,1,139,0.35541149973869324,0.776,0.807
GCN,1,140,0.3846889138221741,0.774,0.805
GCN,1,141,0.37881574034690857,0.774,0.802
GCN,1,142,0.3666614592075348,0.772,0.8
GCN,1,143,0.38108211755752563,0.77,0.804
GCN,1,144,0.38602152466773987,0.78,0.804
GCN,1,145,0.36023181676864624,0.784,0.808
GCN,1,146,0.40909543633461,0.792,0.809
GCN,1,147,0.3630668818950653,0.794,0.811
GCN,1,148,0.3913617730140686,0.792,0.813
GCN,1,149,0.3816628158092499,0.79,0.814
GCN,1,150,0.3444562256336212,0.784,0.81
GCN,1,151,0.3452228605747223,0.78,0.807
GCN,1,152,0.3421241343021393,0.778,0.808
GCN,1,153,0.39071106910705566,0.78,0.808
GCN,1,154,0.3568264842033386,0.776,0.807
GCN,1,155,0.3377861976623535,0.772,0.805
GCN,1,156,0.3451022207736969,0.77,0.802
GCN,1,157,0.3606032133102417,0.776,0.804
GCN,1,158,0.3529079556465149,0.776,0.802
GCN,1,159,0.3649807870388031,0.78,0.799
GCN,1,160,0.3459751307964325,0.782,0.804
GCN,1,161,0.35896483063697815,0.794,0.808
GCN,1,162,0.3187759816646576,0.788,0.808
GCN,1,163,0.3300422132015228,0.784,0.808
GCN,1,164,0.3864860534667969,0.782,0.811
GCN,1,165,0.3269631564617157,0.782,0.809
GCN,1,166,0.3698296844959259,0.78,0.809
GCN,1,167,0.36365416646003723,0.782,0.806
GCN,1,168,0.342573344707489,0.776,0.808
GCN,1,169,0.3430280089378357,0.778,0.811
GCN,1,170,0.3561590611934662,0.782,0.811
GCN,1,171,0.33744969964027405,0.78,0.812
GCN,1,172,0.37747928500175476,0.782,0.811
GCN,1,173,0.33277422189712524,0.78,0.808
GCN,1,174,0.32044902443885803,0.784,0.806
GCN,1,175,0.3126052916049957,0.782,0.805
GCN,1,176,0.35747426748275757,0.786,0.806
GCN,1,177,0.3149600028991699,0.788,0.807
GCN,1,178,0.36724185943603516,0.784,0.807
GCN,1,179,0.3318416178226471,0.782,0.807
GCN,1,180,0.3214590847492218,0.784,0.81
GCN,1,181,0.32265394926071167,0.782,0.81
GCN,1,182,0.31786975264549255,0.78,0.812
GCN,1,183,0.3185523450374603,0.782,0.813
GCN,1,184,0.308273583650589,0.78,0.811
GCN,1,185,0.31009814143180847,0.78,0.808
GCN,1,186,0.32985347509384155,0.784,0.807
GCN,1,187,0.3099924325942993,0.786,0.806
GCN,1,188,0.30756425857543945,0.788,0.806
GCN,1,189,0.304462730884552,0.788,0.806
GCN,1,190,0.3215513229370117,0.792,0.807
GCN,1,191,0.30349552631378174,0.792,0.81
GCN,1,192,0.3186846375465393,0.79,0.81
GCN,1,193,0.3372213542461395,0.786,0.811
GCN,1,194,0.31709182262420654,0.786,0.81
GCN,1,195,0.3063585162162781,0.784,0.81
GCN,1,196,0.312692791223526,0.786,0.808
GCN,1,197,0.31529322266578674,0.784,0.809
GCN,1,198,0.3140304684638977,0.786,0.812
GCN,1,199,0.3112035393714905,0.788,0.809
GCN,1,200,0.29547953605651855,0.786,0.812
GCN,2,1,1.945743203163147,0.162,0.15
GCN,2,2,1.941382884979248,0.268,0.284
GCN,2,3,1.9371479749679565,0.314,0.326
GCN,2,4,1.930566430091858,0.456,0.473
GCN,2,5,1.9249746799468994,0.534,0.554
GCN,2,6,1.9144461154937744,0.58,0.606
GCN,2,7,1.9082399606704712,0.63,0.662
GCN,2,8,1.8981202840805054,0.642,0.664
GCN,2,9,1.8916083574295044,0.602,0.633
GCN,2,10,1.879639983177185,0.574,0.607
GCN,2,11,1.8639190196990967,0.554,0.566
GCN,2,12,1.8540083169937134,0.552,0.564
GCN,2,13,1.839880108833313,0.57,0.599
GCN,2,14,1.8408429622650146,0.616,0.628
GCN,2,15,1.820475697517395,0.658,0.678
GCN,2,16,1.800510287284851,0.694,0.715
GCN,2,17,1.7943471670150757,0.722,0.735
GCN,2,18,1.7764308452606201,0.724,0.739
GCN,2,19,1.765370488166809,0.726,0.744
GCN,2,20,1.740536093711853,0.722,0.74
GCN,2,21,1.7311978340148926,0.72,0.741
GCN,2,22,1.707391381263733,0.728,0.742
GCN,2,23,1.6957374811172485,0.742,0.756
GCN,2,24,1.6649645566940308,0.744,0.766
GCN,2,25,1.6664165258407593,0.74,0.77
GCN,2,26,1.6357483863830566,0.74,0.775
GCN,2,27,1.6236577033996582,0.738,0.774
GCN,2,28,1.593199372291565,0.74,0.774
GCN,2,29,1.5793129205703735,0.744,0.771
GCN,2,30,1.5482001304626465,0.746,0.77
GCN,2,31,1.5250635147094727,0.746,0.769
GCN,2,32,1.4915968179702759,0.744,0.769
GCN,2,33,1.4855701923370361,0.74,0.769
GCN,2,34,1.4574246406555176,0.738,0.77
GCN,2,35,1.452102541923523,0.744,0.771
GCN,2,36,1.4131057262420654,0.746,0.773
GCN,2,37,1.3757487535476685,0.748,0.781
GCN,2,38,1.3585827350616455,0.75,0.785
GCN,2,39,1.334033489227295,0.752,0.788
GCN,2,40,1.3213181495666504,0.758,0.79
GCN,2,41,1.3071544170379639,0.758,0.793
GCN,2,42,1.256902813911438,0.758,0.792
GCN,2,43,1.233197569847107,0.756,0.791
GCN,2,44,1.2285010814666748,0.754,0.79
GCN,2,45,1.1943002939224243,0.756,0.793
GCN,2,46,1.182581901550293,0.758,0.795
GCN,2,47,1.15939199924469,0.762,0.798
GCN,2,48,1.1466786861419678,0.766,0.811
GCN,2,49,1.1458407640457153,0.77,0.815
GCN,2,50,1.060418963432312,0.778,0.817
GCN,2,51,1.093264102935791,0.79,0.816
GCN,2,52,1.0146756172180176,0.792,0.814
GCN,2,53,1.0229309797286987,0.792,0.817
GCN,2,54,1.0025068521499634,0.794,0.816
GCN,2,55,0.9666212797164917,0.798,0.82
GCN,2,56,0.9788611531257629,0.796,0.821
GCN,2,57,0.9568862915039062,0.796,0.816
GCN,2,58,0.938792884349823,0.788,0.818
GCN,2,59,0.9814354777336121,0.786,0.815
GCN,2,60,0.8736838698387146,0.784,0.813
GCN,2,61,0.8660402297973633,0.78,0.811
GCN,2,62,0.8226082921028137,0.78,0.813
GCN,2,63,0.8600102066993713,0.784,0.812
GCN,2,64,0.8575432896614075,0.786,0.807
GCN,2,65,0.815226137638092,0.786,0.81
GCN,2,66,0.8004789352416992,0.792,0.811
GCN,2,67,0.8156765103340149,0.792,0.817
GCN,2,68,0.7921467423439026,0.796,0.821
GCN,2,69,0.7874597907066345,0.792,0.819
GCN,2,70,0.7372524738311768,0.79,0.816
GCN,2,71,0.7375268936157227,0.79,0.816
GCN,2,72,0.703349769115448,0.788,0.817
GCN,2,73,0.751119077205658,0.786,0.817
GCN,2,74,0.7071288228034973,0.782,0.814
GCN,2,75,0.6890204548835754,0.784,0.814
GCN,2,76,0.6657125949859619,0.782,0.814
GCN,2,77,0.6710415482521057,0.78,0.815
GCN,2,78,0.6619405746459961,0.788,0.815
GCN,2,79,0.6502237319946289,0.794,0.816
GCN,2,80,0.6323282122612,0.794,0.818
GCN,2,81,0.6523008942604065,0.798,0.82
GCN,2,82,0.6371147632598877,0.792,0.817
GCN,2,83,0.6617059111595154,0.796,0.819
GCN,2,84,0.6429211497306824,0.796,0.82
GCN,2,85,0.5531213283538818,0.798,0.821
GCN,2,86,0.5969101786613464,0.796,0.82
GCN,2,87,0.5795236229896545,0.796,0.816
GCN,2,88,0.5753969550132751,0.8,0.815
GCN,2,89,0.5612857937812805,0.798,0.815
GCN,2,90,0.5673469305038452,0.798,0.816
GCN,2,91,0.5598209500312805,0.796,0.816
GCN,2,92,0.5513615608215332,0.796,0.821
GCN,2,93,0.5620039701461792,0.8,0.82
GCN,2,94,0.5715291500091553,0.802,0.821
GCN,2,95,0.5660855770111084,0.804,0.823
GCN,2,96,0.542962908744812,0.802,0.823
GCN,2,97,0.568486750125885,0.804,0.825
GCN,2,98,0.5073890089988708,0.804,0.825
GCN,2,99,0.5220891833305359,0.806,0.824
GCN,2,100,0.4868083894252777,0.804,0.826
GCN,2,101,0.5382156372070312,0.802,0.825
GCN,2,102,0.513265073299408,0.798,0.821
GCN,2,103,0.5094462633132935,0.794,0.821
GCN,2,104,0.4701450765132904,0.794,0.82
GCN,2,105,0.483414888381958,0.794,0.82
GCN,2,106,0.4813394248485565,0.796,0.818
GCN,2,107,0.4593346118927002,0.8,0.818
GCN,2,108,0.4897688329219818,0.802,0.818
GCN,2,109,0.45254218578338623,0.806,0.821
GCN,2,110,0.49998459219932556,0.806,0.82
GCN,2,111,0.4355095326900482,0.804,0.822
GCN,2,112,0.45681318640708923,0.804,0.821
GCN,2,113,0.4365912079811096,0.804,0.82
GCN,2,114,0.45798155665397644,0.804,0.814
GCN,2,115,0.42896798253059387,0.804,0.816
GCN,2,116,0.481154203414917,0.804,0.813
GCN,2,117,0.4425869286060333,0.8,0.811
GCN,2,118,0.4661301076412201,0.804,0.813
GCN,2,119,0.425011545419693,0.804,0.817
GCN,2,120,0.4272576868534088,0.802,0.817
GCN,2,121,0.42189261317253113,0.802,0.816
GCN,2,122,0.4098506569862366,0.802,0.818
GCN,2,123,0.4364844262599945,0.806,0.819
GCN,2,124,0.4402207136154175,0.81,0.822
GCN,2,125,0.43612557649612427,0.806,0.822
GCN,2,126,0.42316994071006775,0.806,0.817
GCN,2,127,0.41894686222076416,0.804,0.816
GCN,2,128,0.4269477427005768,0.804,0.816
GCN,2,129,0.3947089910507202,0.802,0.814
GCN,2,130,0.4223155975341797,0.804,0.812
GCN,2,131,0.4261363744735718,0.8,0.812
GCN,2,132,0.4077555239200592,0.8,0.809
GCN,2,133,0.4088115990161896,0.8,0.81
GCN,2,134,0.3983584940433502,0.802,0.811
GCN,2,135,0.4064527451992035,0.804,0.816
GCN,2,136,0.3870621919631958,0.804,0.813
GCN,2,137,0.3900798559188843,0.804,0.812
GCN,2,138,0.400307834148407,0.804,0.813
GCN,2,139,0.3955687880516052,0.804,0.815
GCN,2,140,0.3651904761791229,0.802,0.819
GCN,2,141,0.3733971118927002,0.802,0.818
GCN,2,142,0.3693443834781647,0.8,0.819
GCN,2,143,0.39074528217315674,0.798,0.819
GCN,2,144,0.3861196041107178,0.794,0.812
GCN,2,145,0.34536123275756836,0.8,0.807
GCN,2,146,0.4052647650241852,0.8,0.81
GCN,2,147,0.3728293776512146,0.8,0.806
GCN,2,148,0.3683083653450012,0.798,0.806
GCN,2,149,0.39473673701286316,0.798,0.805
GCN,2,150,0.36569109559059143,0.8,0.81
GCN,2,151,0.3165694773197174,0.802,0.811
GCN,2,152,0.3569543957710266,0.798,0.814
GCN,2,153,0.3384980261325836,0.796,0.818
GCN,2,154,0.35974931716918945,0.8,0.818
GCN,2,155,0.3837679624557495,0.798,0.816
GCN,2,156,0.35787227749824524,0.8,0.814
GCN,2,157,0.3764839470386505,0.798,0.815
GCN,2,158,0.3363706171512604,0.794,0.814
GCN,2,159,0.3581976890563965,0.796,0.809
GCN,2,160,0.31920990347862244,0.796,0.809
GCN,2,161,0.33556875586509705,0.796,0.804
GCN,2,162,0.3213633894920349,0.798,0.807
GCN,2,163,0.35492339730262756,0.8,0.811
GCN,2,164,0.3403226435184479,0.8,0.813
GCN,2,165,0.35491013526916504,0.798,0.813
GCN,2,166,0.3871442675590515,0.796,0.812
GCN,2,167,0.34056156873703003,0.8,0.812
GCN,2,168,0.3179532587528229,0.8,0.811
GCN,2,169,0.3748009502887726,0.802,0.809
GCN,2,170,0.3440518379211426,0.8,0.808
GCN,2,171,0.32213500142097473,0.796,0.809
GCN,2,172,0.3028055429458618,0.796,0.807
GCN,2,173,0.33549419045448303,0.792,0.808
GCN,2,174,0.35037797689437866,0.794,0.809
GCN,2,175,0.30725184082984924,0.794,0.809
GCN,2,176,0.3039785623550415,0.796,0.81
GCN,2,177,0.31927797198295593,0.802,0.81
GCN,2,178,0.3164816200733185,0.8,0.81
GCN,2,179,0.35879209637641907,0.802,0.813
GCN,2,180,0.31113484501838684,0.802,0.813
GCN,2,181,0.31228533387184143,0.802,0.813
GCN,2,182,0.3028651177883148,0.802,0.817
GCN,2,183,0.32282885909080505,0.8,0.812
GCN,2,184,0.3399461805820465,0.8,0.812
GCN,2,185,0.29523614048957825,0.8,0.814
GCN,2,186,0.3185826539993286,0.798,0.815
GCN,2,187,0.3326888084411621,0.796,0.809
GCN,2,188,0.26476719975471497,0.794,0.809
GCN,2,189,0.31722941994667053,0.792,0.809
GCN,2,190,0.3352612257003784,0.794,0.81
GCN,2,191,0.31231531500816345,0.794,0.81
GCN,2,192,0.29890167713165283,0.794,0.811
GCN,2,193,0.31096890568733215,0.796,0.812
GCN,2,194,0.2749004364013672,0.794,0.811
GCN,2,195,0.3006327152252197,0.794,0.811
GCN,2,196,0.2942716181278229,0.794,0.813
GCN,2,197,0.2855420708656311,0.796,0.81
GCN,2,198,0.3226311504840851,0.794,0.809
GCN,2,199,0.31485775113105774,0.794,0.809
GCN,2,200,0.31963682174682617,0.794,0.812
GCN,3,1,1.9465137720108032,0.13,0.145
GCN,3,2,1.9420878887176514,0.302,0.32
GCN,3,3,1.935219645500183,0.47,0.477
GCN,3,4,1.9278721809387207,0.37,0.369
GCN,3,5,1.9162408113479614,0.4,0.389
GCN,3,6,1.909427523612976,0.46,0.463
GCN,3,7,1.8957077264785767,0.534,0.529
GCN,3,8,1.885618805885315,0.646,0.635
GCN,3,9,1.8710687160491943,0.696,0.692
GCN,3,10,1.8611077070236206,0.692,0.7
GCN,3,11,1.8456745147705078,0.658,0.686
GCN,3,12,1.8368782997131348,0.65,0.682
GCN,3,13,1.8122296333312988,0.64,0.687
GCN,3,14,1.7968555688858032,0.658,0.692
GCN,3,15,1.7779062986373901,0.686,0.696
GCN,3,16,1.7655624151229858,0.706,0.717
GCN,3,17,1.7483381032943726,0.706,0.72
GCN,3,18,1.7340251207351685,0.702,0.733
GCN,3,19,1.706944465637207,0.712,0.742
GCN,3,20,1.6889431476593018,0.722,0.746
GCN,3,21,1.6842268705368042,0.726,0.751
GCN,3,22,1.6578974723815918,0.744,0.765
GCN,3,23,1.6405274868011475,0.756,0.781
GCN,3,24,1.6206796169281006,0.756,0.786
GCN,3,25,1.6143711805343628,0.762,0.79
GCN,3,26,1.5606416463851929,0.758,0.792
GCN,3,27,1.5457555055618286,0.764,0.79
GCN,3,28,1.5288443565368652,0.764,0.785
GCN,3,29,1.4984767436981201,0.758,0.778
GCN,3,30,1.502553939819336,0.758,0.777
GCN,3,31,1.474301815032959,0.756,0.774
GCN,3,32,1.4153411388397217,0.748,0.776
GCN,3,33,1.4170550107955933,0.752,0.78
GCN,3,34,1.4051563739776611,0.762,0.788
GCN,3,35,1.3651692867279053,0.772,0.79
GCN,3,36,1.3561806678771973,0.77,0.794
GCN,3,37,1.3173269033432007,0.778,0.797
GCN,3,38,1.2979758977890015,0.782,0.8
GCN,3,39,1.2769405841827393,0.784,0.803
GCN,3,40,1.2483998537063599,0.784,0.806
GCN,3,41,1.2189438343048096,0.782,0.8
GCN,3,42,1.2196849584579468,0.786,0.797
GCN,3,43,1.1807397603988647,0.782,0.799
GCN,3,44,1.2014858722686768,0.784,0.797
GCN,3,45,1.1399548053741455,0.776,0.795
GCN,3,46,1.1303972005844116,0.774,0.796
GCN,3,47,1.1001663208007812,0.768,0.796
GCN,3,48,1.090935230255127,0.77,0.797
GCN,3,49,1.0990082025527954,0.774,0.8
GCN,3,50,1.0425317287445068,0.78,0.801
GCN,3,51,0.9990411996841431,0.782,0.8
GCN,3,52,1.014497995376587,0.778,0.805
GCN,3,53,0.949446976184845,0.774,0.806
GCN,3,54,0.9765170216560364,0.776,0.805
GCN,3,55,0.9294753074645996,0.786,0.81
GCN,3,56,0.9397150278091431,0.792,0.813
GCN,3,57,0.9043089151382446,0.794,0.81
GCN,3,58,0.8862177729606628,0.796,0.814
GCN,3,59,0.8766331076622009,0.796,0.814
GCN,3,60,0.853496789932251,0.8,0.811
GCN,3,61,0.8850119709968567,0.794,0.811
GCN,3,62,0.8133035898208618,0.792,0.815
GCN,3,63,0.8559388518333435,0.788,0.818
GCN,3,64,0.8046537041664124,0.79,0.82
GCN,3,65,0.7763307690620422,0.788,0.82
GCN,3,66,0.7696705460548401,0.79,0.82
GCN,3,67,0.7560326457023621,0.79,0.817
GCN,3,68,0.7817463874816895,0.798,0.817
GCN,3,69,0.7309912443161011,0.794,0.816
GCN,3,70,0.7254095077514648,0.798,0.814
GCN,3,71,0.7011194825172424,0.794,0.813
GCN,3,72,0.7263164520263672,0.794,0.817
GCN,3,73,0.7014554738998413,0.798,0.82
GCN,3,74,0.6950973272323608,0.8,0.818
GCN,3,75,0.6754763126373291,0.8,0.82
GCN,3,76,0.6816064715385437,0.796,0.82
GCN,3,77,0.6734342575073242,0.798,0.823
GCN,3,78,0.6166290640830994,0.798,0.822
GCN,3,79,0.6195014119148254,0.798,0.823
GCN,3,80,0.661067008972168,0.796,0.824
GCN,3,81,0.6375550031661987,0.792,0.824
GCN,3,82,0.6577622890472412,0.794,0.824
GCN,3,83,0.6621055603027344,0.794,0.823
GCN,3,84,0.627305269241333,0.794,0.823
GCN,3,85,0.5788753628730774,0.792,0.822
GCN,3,86,0.5699417591094971,0.794,0.82
GCN,3,87,0.5646234154701233,0.796,0.821
GCN,3,88,0.5977072715759277,0.792,0.824
GCN,3,89,0.5840603709220886,0.794,0.824
GCN,3,90,0.5483205318450928,0.794,0.823
GCN,3,91,0.5799481272697449,0.794,0.825
GCN,3,92,0.5285248160362244,0.796,0.823
GCN,3,93,0.5361554622650146,0.798,0.823
GCN,3,94,0.5599505305290222,0.796,0.824
GCN,3,95,0.5267400741577148,0.796,0.825
GCN,3,96,0.4899517595767975,0.788,0.822
GCN,3,97,0.5165583491325378,0.788,0.817
GCN,3,98,0.5345593094825745,0.79,0.817
GCN,3,99,0.497580885887146,0.79,0.817
GCN,3,100,0.5190262198448181,0.79,0.817
GCN,3,101,0.5373744368553162,0.786,0.819
GCN,3,102,0.5011714100837708,0.79,0.82
GCN,3,103,0.5095975995063782,0.8,0.823
GCN,3,104,0.49989140033721924,0.804,0.828
GCN,3,105,0.4797259271144867,0.804,0.825
GCN,3,106,0.5220205783843994,0.802,0.823
GCN,3,107,0.4822901487350464,0.798,0.82
GCN,3,108,0.4593755304813385,0.794,0.819
GCN,3,109,0.5064273476600647,0.79,0.819
GCN,3,110,0.45979511737823486,0.786,0.819
GCN,3,111,0.456606388092041,0.788,0.816
GCN,3,112,0.4493364989757538,0.784,0.814
GCN,3,113,0.4274732172489166,0.788,0.816
GCN,3,114,0.46895256638526917,0.792,0.813
GCN,3,115,0.438684344291687,0.792,0.816
GCN,3,116,0.45010969042778015,0.8,0.817
GCN,3,117,0.4248694181442261,0.802,0.819
GCN,3,118,0.457893967628479,0.804,0.82
GCN,3,119,0.38533318042755127,0.8,0.824
GCN,3,120,0.43428847193717957,0.806,0.825
GCN,3,121,0.42628785967826843,0.806,0.824
GCN,3,122,0.4234484136104584,0.806,0.824
GCN,3,123,0.45561036467552185,0.802,0.823
GCN,3,124,0.42131438851356506,0.8,0.819
GCN,3,125,0.41066044569015503,0.796,0.818
GCN,3,126,0.39376401901245117,0.792,0.817
GCN,3,127,0.3880561888217926,0.792,0.816
GCN,3,128,0.4257470667362213,0.796,0.816
GCN,3,129,0.40154001116752625,0.794,0.821
GCN,3,130,0.44237202405929565,0.798,0.82
GCN,3,131,0.39975643157958984,0.8,0.819
GCN,3,132,0.4015985131263733,0.804,0.822
GCN,3,133,0.4015912413597107,0.806,0.821
GCN,3,134,0.3865911066532135,0.806,0.823
GCN,3,135,0.3819161355495453,0.806,0.823
GCN,3,136,0.3940744698047638,0.804,0.819
GCN,3,137,0.40115073323249817,0.8,0.818
GCN,3,138,0.39349180459976196,0.792,0.811
GCN,3,139,0.40354490280151367,0.792,0.808
GCN,3,140,0.36891284584999084,0.792,0.807
GCN,3,141,0.36807718873023987,0.794,0.808
GCN,3,142,0.39638781547546387,0.792,0.809
GCN,3,143,0.3540230691432953,0.794,0.814
GCN,3,144,0.38078615069389343,0.798,0.817
GCN,3,145,0.3587033152580261,0.798,0.819
GCN,3,146,0.3506820797920227,0.802,0.822
GCN,3,147,0.38916972279548645,0.8,0.819
GCN,3,148,0.33304446935653687,0.802,0.822
GCN,3,149,0.38675883412361145,0.802,0.824
GCN,3,150,0.36776697635650635,0.804,0.821
GCN,3,151,0.33666226267814636,0.806,0.82
GCN,3,152,0.34921741485595703,0.802,0.816
GCN,3,153,0.2822130024433136,0.796,0.812
GCN,3,154,0.384824275970459,0.796,0.812
GCN,3,155,0.3869763910770416,0.796,0.812
GCN,3,156,0.35993286967277527,0.792,0.809
GCN,3,157,0.358858197927475,0.8,0.811
GCN,3,158,0.35820823907852173,0.802,0.814
GCN,3,159,0.35764577984809875,0.798,0.815
GCN,3,160,0.34628769755363464,0.804,0.817
GCN,3,161,0.3164002299308777,0.804,0.82
GCN,3,162,0.3434379994869232,0.802,0.82
GCN,3,163,0.32760199904441833,0.798,0.818
GCN,3,164,0.3353310227394104,0.798,0.818
GCN,3,165,0.3774026930332184,0.804,0.814
GCN,3,166,0.3736989200115204,0.8,0.816
GCN,3,167,0.3476582467556,0.798,0.813
GCN,3,168,0.33482974767684937,0.798,0.811
GCN,3,169,0.36958545446395874,0.798,0.809
GCN,3,170,0.32506170868873596,0.798,0.811
GCN,3,171,0.32663416862487793,0.798,0.815
GCN,3,172,0.33911144733428955,0.798,0.811
GCN,3,173,0.33630120754241943,0.8,0.813
GCN,3,174,0.3560890257358551,0.798,0.812
GCN,3,175,0.339290976524353,0.798,0.814
GCN,3,176,0.32324329018592834,0.802,0.815
GCN,3,177,0.33569273352622986,0.798,0.817
GCN,3,178,0.3471620976924896,0.802,0.818
GCN,3,179,0.3557627499103546,0.8,0.814
GCN,3,180,0.32714810967445374,0.8,0.816
GCN,3,181,0.3111126720905304,0.8,0.818
GCN,3,182,0.32029008865356445,0.798,0.819
GCN,3,183,0.3056109547615051,0.794,0.815
GCN,3,184,0.296816885471344,0.796,0.813
GCN,3,185,0.3026236593723297,0.796,0.81
GCN,3,186,0.3356722295284271,0.796,0.816
GCN,3,187,0.2898484766483307,0.8,0.816
GCN,3,188,0.3134196698665619,0.798,0.819
GCN,3,189,0.31593358516693115,0.8,0.818
GCN,3,190,0.2870507538318634,0.798,0.82
GCN,3,191,0.30133256316185,0.8,0.819
GCN,3,192,0.32688286900520325,0.798,0.82
GCN,3,193,0.27979254722595215,0.796,0.814
GCN,3,194,0.294948011636734,0.796,0.812
GCN,3,195,0.28120309114456177,0.796,0.81
GCN,3,196,0.3077588379383087,0.798,0.809
GCN,3,197,0.32200080156326294,0.798,0.811
GCN,3,198,0.3063741624355316,0.798,0.812
GCN,3,199,0.27428436279296875,0.8,0.814
GCN,3,200,0.3295373022556305,0.802,0.818
GCN,4,1,1.945493221282959,0.292,0.304
GCN,4,2,1.9394457340240479,0.32,0.339
GCN,4,3,1.9309381246566772,0.272,0.294
GCN,4,4,1.9248181581497192,0.33,0.352
GCN,4,5,1.9154937267303467,0.38,0.399
GCN,4,6,1.9032893180847168,0.422,0.455
GCN,4,7,1.895929217338562,0.47,0.495
GCN,4,8,1.8853727579116821,0.502,0.517
GCN,4,9,1.8765631914138794,0.494,0.516
GCN,4,10,1.8634153604507446,0.5,0.523
GCN,4,11,1.854498267173767,0.508,0.527
GCN,4,12,1.8423422574996948,0.504,0.536
GCN,4,13,1.8239712715148926,0.51,0.542
GCN,4,14,1.8102144002914429,0.524,0.549
GCN,4,15,1.8007171154022217,0.514,0.558
GCN,4,16,1.7850204706192017,0.514,0.559
GCN,4,17,1.7706924676895142,0.524,0.561
GCN,4,18,1.7493749856948853,0.528,0.57
GCN,4,19,1.7409697771072388,0.532,0.579
GCN,4,20,1.7387737035751343,0.534,0.582
GCN,4,21,1.7090543508529663,0.542,0.586
GCN,4,22,1.6957015991210938,0.54,0.58
GCN,4,23,1.6659022569656372,0.542,0.583
GCN,4,24,1.6698652505874634,0.55,0.587
GCN,4,25,1.6527000665664673,0.56,0.599
GCN,4,26,1.6318552494049072,0.56,0.609
GCN,4,27,1.620426058769226,0.578,0.624
GCN,4,28,1.5987459421157837,0.596,0.635
GCN,4,29,1.5727686882019043,0.604,0.651
GCN,4,30,1.5587202310562134,0.604,0.66
GCN,4,31,1.544176697731018,0.612,0.671
GCN,4,32,1.514445424079895,0.618,0.673
GCN,4,33,1.4864917993545532,0.62,0.677
GCN,4,34,1.5039361715316772,0.62,0.685
GCN,4,35,1.4649845361709595,0.626,0.685
GCN,4,36,1.4352082014083862,0.626,0.686
GCN,4,37,1.4102954864501953,0.622,0.685
GCN,4,38,1.4021905660629272,0.632,0.687
GCN,4,39,1.3989707231521606,0.642,0.691
GCN,4,40,1.3712761402130127,0.65,0.691
GCN,4,41,1.3441872596740723,0.654,0.7
GCN,4,42,1.349846601486206,0.66,0.708
GCN,4,43,1.3191280364990234,0.676,0.713
GCN,4,44,1.2702804803848267,0.682,0.72
GCN,4,45,1.276906967163086,0.69,0.727
GCN,4,46,1.2620501518249512,0.692,0.734
GCN,4,47,1.2431880235671997,0.698,0.743
GCN,4,48,1.2346512079238892,0.706,0.757
GCN,4,49,1.1869195699691772,0.71,0.757
GCN,4,50,1.1797479391098022,0.708,0.755
GCN,4,51,1.1958304643630981,0.712,0.754
GCN,4,52,1.1393669843673706,0.714,0.757
GCN,4,53,1.126967430114746,0.72,0.756
GCN,4,54,1.1257240772247314,0.716,0.76
GCN,4,55,1.068557620048523,0.716,0.761
GCN,4,56,1.0863481760025024,0.716,0.763
GCN,4,57,1.07902193069458,0.716,0.763
GCN,4,58,1.0069018602371216,0.72,0.766
GCN,4,59,1.034644365310669,0.728,0.769
GCN,4,60,1.0210459232330322,0.732,0.774
GCN,4,61,0.9730431437492371,0.736,0.781
GCN,4,62,0.9705172777175903,0.74,0.781
GCN,4,63,0.9825018644332886,0.742,0.779
GCN,4,64,0.9426636695861816,0.746,0.784
GCN,4,65,0.9532347321510315,0.744,0.785
GCN,4,66,0.9193170666694641,0.742,0.784
GCN,4,67,0.9152250289916992,0.746,0.786
GCN,4,68,0.8950397372245789,0.744,0.784
GCN,4,69,0.8955022692680359,0.744,0.783
GCN,4,70,0.8329591751098633,0.742,0.782
GCN,4,71,0.8783761858940125,0.74,0.783
GCN,4,72,0.8496447205543518,0.74,0.786
GCN,4,73,0.8210275173187256,0.742,0.79
GCN,4,74,0.8251340389251709,0.748,0.792
GCN,4,75,0.8202700018882751,0.748,0.791
GCN,4,76,0.7704992294311523,0.748,0.79
GCN,4,77,0.8195756673812866,0.752,0.792
GCN,4,78,0.7782317996025085,0.754,0.797
GCN,4,79,0.7782722115516663,0.752,0.797
GCN,4,80,0.7892633080482483,0.754,0.798
GCN,4,81,0.741343080997467,0.756,0.798
GCN,4,82,0.7418857216835022,0.762,0.8
GCN,4,83,0.7412916421890259,0.762,0.796
GCN,4,84,0.7191139459609985,0.758,0.795
GCN,4,85,0.720562219619751,0.758,0.796
GCN,4,86,0.6891893148422241,0.762,0.797
GCN,4,87,0.646184504032135,0.764,0.797
GCN,4,88,0.6661489009857178,0.764,0.802
GCN,4,89,0.6647598743438721,0.766,0.799
GCN,4,90,0.6736570596694946,0.772,0.804
GCN,4,91,0.6847346425056458,0.768,0.804
GCN,4,92,0.6581795811653137,0.77,0.806
GCN,4,93,0.6785701513290405,0.772,0.808
GCN,4,94,0.6920000910758972,0.772,0.811
GCN,4,95,0.6317257285118103,0.77,0.81
GCN,4,96,0.6644045114517212,0.772,0.806
GCN,4,97,0.6372233629226685,0.764,0.806
GCN,4,98,0.6105648875236511,0.768,0.802
GCN,4,99,0.5982890129089355,0.77,0.799
GCN,4,100,0.6408736109733582,0.77,0.801
GCN,4,101,0.6137512922286987,0.772,0.804
GCN,4,102,0.5739957690238953,0.774,0.806
GCN,4,103,0.5937357544898987,0.77,0.807
GCN,4,104,0.5340121984481812,0.768,0.81
GCN,4,105,0.5974376797676086,0.772,0.812
GCN,4,106,0.5934432148933411,0.772,0.813
GCN,4,107,0.602586567401886,0.768,0.812
GCN,4,108,0.5777491927146912,0.766,0.808
GCN,4,109,0.5423871874809265,0.772,0.807
GCN,4,110,0.5513204336166382,0.778,0.806
GCN,4,111,0.5522297620773315,0.772,0.806
GCN,4,112,0.5440329313278198,0.774,0.804
GCN,4,113,0.5540968179702759,0.776,0.803
GCN,4,114,0.548701822757721,0.776,0.805
GCN,4,115,0.48627912998199463,0.776,0.81
GCN,4,116,0.503010094165802,0.776,0.81
GCN,4,117,0.5207653641700745,0.778,0.813
GCN,4,118,0.4826261103153229,0.778,0.814
GCN,4,119,0.5113630294799805,0.78,0.814
GCN,4,120,0.542348325252533,0.782,0.817
GCN,4,121,0.48773983120918274,0.784,0.817
GCN,4,122,0.5087701678276062,0.784,0.816
GCN,4,123,0.48642975091934204,0.782,0.81
GCN,4,124,0.5166002511978149,0.778,0.806
GCN,4,125,0.48560720682144165,0.774,0.803
GCN,4,126,0.5142782330513,0.774,0.805
GCN,4,127,0.49434569478034973,0.776,0.805
GCN,4,128,0.4965589940547943,0.778,0.811
GCN,4,129,0.4534822404384613,0.78,0.812
GCN,4,130,0.4861794710159302,0.778,0.814
GCN,4,131,0.4672814607620239,0.784,0.819
GCN,4,132,0.4693603515625,0.79,0.818
GCN,4,133,0.4334002435207367,0.788,0.816
GCN,4,134,0.4784354567527771,0.788,0.815
GCN,4,135,0.43632903695106506,0.794,0.818
GCN,4,136,0.45099368691444397,0.784,0.809
GCN,4,137,0.4718841016292572,0.782,0.806
GCN,4,138,0.4434574544429779,0.786,0.802
GCN,4,139,0.45020851492881775,0.786,0.8
GCN,4,140,0.4420435428619385,0.782,0.806
GCN,4,141,0.4304077923297882,0.782,0.811
GCN,4,142,0.43886080384254456,0.79,0.81
GCN,4,143,0.39839285612106323,0.792,0.812
GCN,4,144,0.4417358338832855,0.788,0.816
GCN,4,145,0.44171208143234253,0.794,0.816
GCN,4,146,0.4041580855846405,0.792,0.814
GCN,4,147,0.4186708927154541,0.788,0.809
GCN,4,148,0.40861156582832336,0.788,0.807
GCN,4,149,0.4324166774749756,0.786,0.805
GCN,4,150,0.40713831782341003,0.784,0.803
GCN,4,151,0.40652236342430115,0.784,0.804
GCN,4,152,0.3701390326023102,0.788,0.805
GCN,4,153,0.40224042534828186,0.788,0.805
GCN,4,154,0.4645139276981354,0.79,0.804
GCN,4,155,0.39188528060913086,0.792,0.805
GCN,4,156,0.4219813644886017,0.794,0.807
GCN,4,157,0.4304885268211365,0.794,0.805
GCN,4,158,0.4271921217441559,0.794,0.808
GCN,4,159,0.39964693784713745,0.794,0.809
GCN,4,160,0.43267011642456055,0.788,0.807
GCN,4,161,0.3898249864578247,0.786,0.807
GCN,4,162,0.391810804605484,0.786,0.808
GCN,4,163,0.4136781692504883,0.784,0.804
GCN,4,164,0.376783162355423,0.782,0.804
GCN,4,165,0.38371628522872925,0.788,0.803
GCN,4,166,0.37231504917144775,0.788,0.806
GCN,4,167,0.3924422562122345,0.79,0.811
GCN,4,168,0.3764564096927643,0.792,0.813
GCN,4,169,0.38614621758461,0.794,0.812
GCN,4,170,0.3621562123298645,0.794,0.808
GCN,4,171,0.3935624063014984,0.792,0.807
GCN,4,172,0.3418715000152588,0.794,0.809
GCN,4,173,0.41149526834487915,0.794,0.807
GCN,4,174,0.36748284101486206,0.788,0.808
GCN,4,175,0.38693392276763916,0.788,0.803
GCN,4,176,0.3809441030025482,0.786,0.804
GCN,4,177,0.39073097705841064,0.786,0.808
GCN,4,178,0.37466710805892944,0.79,0.808
GCN,4,179,0.3571147918701172,0.79,0.809
GCN,4,180,0.3479118347167969,0.79,0.806
GCN,4,181,0.3535669445991516,0.794,0.806
GCN,4,182,0.3720141351222992,0.796,0.806
GCN,4,183,0.33526375889778137,0.796,0.806
GCN,4,184,0.3596939444541931,0.796,0.804
GCN,4,185,0.37010636925697327,0.796,0.803
GCN,4,186,0.3889017701148987,0.798,0.802
GCN,4,187,0.322733074426651,0.792,0.8
GCN,4,188,0.37495824694633484,0.792,0.802
GCN,4,189,0.35979294776916504,0.786,0.807
GCN,4,190,0.3326568603515625,0.79,0.807
GCN,4,191,0.37244507670402527,0.79,0.805
GCN,4,192,0.33404824137687683,0.794,0.803
GCN,4,193,0.39272671937942505,0.796,0.799
GCN,4,194,0.32749825716018677,0.794,0.797
GCN,4,195,0.3757905960083008,0.796,0.798
GCN,4,196,0.3384046256542206,0.798,0.8
GCN,4,197,0.3517627418041229,0.794,0.803
GCN,4,198,0.3398926854133606,0.796,0.805
GCN,4,199,0.33728480339050293,0.794,0.805
GCN,4,200,0.333333283662796,0.794,0.804
GAT,0,1,1.9457708597183228,0.31,0.3
GAT,0,2,1.9357202053070068,0.346,0.345
GAT,0,3,1.9274030923843384,0.506,0.484
GAT,0,4,1.9179561138153076,0.684,0.686
GAT,0,5,1.905202865600586,0.754,0.758
GAT,0,6,1.8963878154754639,0.78,0.763
GAT,0,7,1.8844102621078491,0.794,0.781
GAT,0,8,1.8704555034637451,0.792,0.781
GAT,0,9,1.8625096082687378,0.778,0.774
GAT,0,10,1.8438572883605957,0.76,0.763
GAT,0,11,1.8337907791137695,0.75,0.759
GAT,0,12,1.824886441230774,0.754,0.758
GAT,0,13,1.8072572946548462,0.762,0.762
GAT,0,14,1.792378544807434,0.77,0.763
GAT,0,15,1.7778538465499878,0.776,0.764
GAT,0,16,1.7636170387268066,0.772,0.765
GAT,0,17,1.7538338899612427,0.776,0.767
GAT,0,18,1.7352180480957031,0.778,0.771
GAT,0,19,1.7171874046325684,0.776,0.781
GAT,0,20,1.7007490396499634,0.784,0.787
GAT,0,21,1.6627074480056763,0.784,0.79
GAT,0,22,1.6619724035263062,0.79,0.791
GAT,0,23,1.6400560140609741,0.79,0.789
GAT,0,24,1.6274456977844238,0.798,0.788
GAT,0,25,1.5942108631134033,0.798,0.788
GAT,0,26,1.602090835571289,0.798,0.788
GAT,0,27,1.567434549331665,0.794,0.786
GAT,0,28,1.5236119031906128,0.796,0.786
GAT,0,29,1.5359041690826416,0.802,0.785
GAT,0,30,1.511031985282898,0.8,0.784
GAT,0,31,1.4978668689727783,0.8,0.784
GAT,0,32,1.4612102508544922,0.794,0.782
GAT,0,33,1.443644404411316,0.796,0.78
GAT,0,34,1.4041142463684082,0.794,0.781
GAT,0,35,1.3786249160766602,0.792,0.785
GAT,0,36,1.3617267608642578,0.79,0.786
GAT,0,37,1.3664495944976807,0.796,0.787
GAT,0,38,1.3039216995239258,0.798,0.789
GAT,0,39,1.2955679893493652,0.802,0.791
GAT,0,40,1.2709883451461792,0.802,0.791
GAT,0,41,1.2525488138198853,0.802,0.79
GAT,0,42,1.2158669233322144,0.802,0.792
GAT,0,43,1.1984083652496338,0.808,0.795
GAT,0,44,1.1820728778839111,0.81,0.797
GAT,0,45,1.1520875692367554,0.812,0.794
GAT,0,46,1.1152338981628418,0.814,0.797
GAT,0,47,1.1209241151809692,0.814,0.799
GAT,0,48,1.0917342901229858,0.812,0.8
GAT,0,49,1.058215856552124,0.812,0.798
GAT,0,50,1.0606255531311035,0.808,0.801
GAT,0,51,1.0184578895568848,0.81,0.808
GAT,0,52,0.9958832859992981,0.808,0.812
GAT,0,53,0.9521838426589966,0.814,0.815
GAT,0,54,0.9298000931739807,0.816,0.819
GAT,0,55,0.8781529068946838,0.816,0.821
GAT,0,56,0.9185113310813904,0.814,0.82
GAT,0,57,0.8981831669807434,0.818,0.823
GAT,0,58,0.854114830493927,0.818,0.826
GAT,0,59,0.8580976128578186,0.812,0.823
GAT,0,60,0.8139958381652832,0.812,0.825
GAT,0,61,0.7794209718704224,0.81,0.826
GAT,0,62,0.7896747589111328,0.81,0.827
GAT,0,63,0.7863923907279968,0.81,0.824
GAT,0,64,0.7341832518577576,0.81,0.824
GAT,0,65,0.7572659850120544,0.808,0.821
GAT,0,66,0.7350344061851501,0.808,0.819
GAT,0,67,0.7513044476509094,0.81,0.816
GAT,0,68,0.6855150461196899,0.812,0.817
GAT,0,69,0.6744857430458069,0.808,0.817
GAT,0,70,0.6941189765930176,0.806,0.815
GAT,0,71,0.6308376789093018,0.81,0.817
GAT,0,72,0.6761021614074707,0.804,0.818
GAT,0,73,0.6416900157928467,0.806,0.82
GAT,0,74,0.6126230955123901,0.804,0.823
GAT,0,75,0.5804851055145264,0.81,0.828
GAT,0,76,0.5838496088981628,0.808,0.829
GAT,0,77,0.5966526865959167,0.806,0.83
GAT,0,78,0.5664107799530029,0.804,0.83
GAT,0,79,0.545893669128418,0.802,0.832
GAT,0,80,0.5472739338874817,0.806,0.832
GAT,0,81,0.5523258447647095,0.808,0.826
GAT,0,82,0.5459057688713074,0.81,0.824
GAT,0,83,0.547788679599762,0.808,0.824
GAT,0,84,0.49254751205444336,0.808,0.822
GAT,0,85,0.5021584033966064,0.806,0.826
GAT,0,86,0.4739687144756317,0.806,0.829
GAT,0,87,0.5014286637306213,0.804,0.829
GAT,0,88,0.53294438123703,0.806,0.826
GAT,0,89,0.4467250108718872,0.8,0.826
GAT,0,90,0.47207319736480713,0.802,0.825
GAT,0,91,0.4190099239349365,0.804,0.828
GAT,0,92,0.4760536253452301,0.802,0.827
GAT,0,93,0.44780299067497253,0.804,0.828
GAT,0,94,0.41556692123413086,0.804,0.828
GAT,0,95,0.4387502670288086,0.802,0.827
GAT,0,96,0.44000378251075745,0.804,0.826
GAT,0,97,0.4227631986141205,0.804,0.824
GAT,0,98,0.4043920338153839,0.804,0.826
GAT,0,99,0.41502049565315247,0.802,0.823
GAT,0,100,0.36077767610549927,0.802,0.823
GAT,0,101,0.43295910954475403,0.802,0.821
GAT,0,102,0.4384492337703705,0.8,0.821
GAT,0,103,0.40335285663604736,0.8,0.82
GAT,0,104,0.3785044848918915,0.802,0.817
GAT,0,105,0.3577548563480377,0.798,0.816
GAT,0,106,0.40851905941963196,0.794,0.816
GAT,0,107,0.4072817265987396,0.788,0.817
GAT,0,108,0.42324671149253845,0.792,0.816
GAT,0,109,0.3805828392505646,0.792,0.82
GAT,0,110,0.3819498121738434,0.792,0.821
GAT,0,111,0.4511776864528656,0.794,0.82
GAT,0,112,0.35939106345176697,0.798,0.824
GAT,0,113,0.4105876088142395,0.802,0.82
GAT,0,114,0.3421851694583893,0.802,0.82
GAT,0,115,0.3547774851322174,0.8,0.823
GAT,0,116,0.3408834636211395,0.802,0.824
GAT,0,117,0.32562685012817383,0.802,0.822
GAT,0,118,0.3613470494747162,0.8,0.82
GAT,0,119,0.30949699878692627,0.798,0.82
GAT,0,120,0.35194575786590576,0.796,0.816
GAT,0,121,0.3339609205722809,0.794,0.817
GAT,0,122,0.3561801314353943,0.796,0.815
GAT,0,123,0.33878037333488464,0.794,0.815
GAT,0,124,0.34617576003074646,0.794,0.816
GAT,0,125,0.3285723328590393,0.79,0.817
GAT,0,126,0.3501671850681305,0.788,0.815
GAT,0,127,0.32679200172424316,0.784,0.817
GAT,0,128,0.32045289874076843,0.784,0.816
GAT,0,129,0.3247416615486145,0.788,0.814
GAT,0,130,0.3530128598213196,0.792,0.814
GAT,0,131,0.33164623379707336,0.792,0.814
GAT,0,132,0.3187653124332428,0.792,0.815
GAT,0,133,0.32258978486061096,0.798,0.816
GAT,0,134,0.36824700236320496,0.798,0.816
GAT,0,135,0.31516939401626587,0.798,0.816
GAT,0,136,0.332809716463089,0.802,0.819
GAT,0,137,0.3004514276981354,0.8,0.82
GAT,0,138,0.31484365463256836,0.8,0.818
GAT,0,139,0.2926539182662964,0.798,0.816
GAT,0,140,0.2878037989139557,0.792,0.814
GAT,0,141,0.3390679359436035,0.794,0.812
GAT,0,142,0.3577750325202942,0.794,0.815
GAT,0,143,0.338106632232666,0.79,0.81
GAT,0,144,0.29416924715042114,0.788,0.81
GAT,0,145,0.3060687482357025,0.788,0.812
GAT,0,146,0.2862726151943207,0.788,0.812
GAT,0,147,0.2915266454219818,0.79,0.811
GAT,0,148,0.27829989790916443,0.792,0.814
GAT,0,149,0.2863784730434418,0.792,0.813
GAT,0,150,0.275565505027771,0.794,0.818
GAT,0,151,0.32021602988243103,0.792,0.817
GAT,0,152,0.308153361082077,0.798,0.818
GAT,0,153,0.303057461977005,0.798,0.822
GAT,0,154,0.2850886583328247,0.806,0.824
GAT,0,155,0.26453128457069397,0.804,0.821
GAT,0,156,0.2654835879802704,0.804,0.819
GAT,0,157,0.30761879682540894,0.802,0.817
GAT,0,158,0.27447909116744995,0.796,0.816
GAT,0,159,0.29321566224098206,0.796,0.813
GAT,0,160,0.2824346721172333,0.798,0.814
GAT,0,161,0.2604295313358307,0.798,0.814
GAT,0,162,0.3021704852581024,0.798,0.813
GAT,0,163,0.277187317609787,0.794,0.812
GAT,0,164,0.2732425928115845,0.788,0.815
GAT,0,165,0.28160572052001953,0.78,0.811
GAT,0,166,0.26274800300598145,0.778,0.808
GAT,0,167,0.2350500077009201,0.776,0.806
GAT,0,168,0.2964478135108948,0.778,0.807
GAT,0,169,0.2996249496936798,0.78,0.812
GAT,0,170,0.25240999460220337,0.784,0.811
GAT,0,171,0.24455541372299194,0.788,0.818
GAT,0,172,0.251655638217926,0.794,0.821
GAT,0,173,0.23572954535484314,0.798,0.816
GAT,0,174,0.2564569413661957,0.802,0.813
GAT,0,175,0.25336137413978577,0.8,0.813
GAT,0,176,0.27487713098526,0.8,0.815
GAT,0,177,0.273208349943161,0.8,0.815
GAT,0,178,0.3057674169540405,0.798,0.813
GAT,0,179,0.2721462845802307,0.796,0.814
GAT,0,180,0.2646588981151581,0.794,0.817
GAT,0,181,0.2844773828983307,0.792,0.817
GAT,0,182,0.267088383436203,0.788,0.816
GAT,0,183,0.2646862268447876,0.79,0.815
GAT,0,184,0.2507566809654236,0.788,0.815
GAT,0,185,0.2507997453212738,0.79,0.815
GAT,0,186,0.25173836946487427,0.79,0.814
GAT,0,187,0.23695935308933258,0.79,0.812
GAT,0,188,0.26732337474823,0.788,0.811
GAT,0,189,0.2221752256155014,0.786,0.815
GAT,0,190,0.24278460443019867,0.79,0.815
GAT,0,191,0.24699796736240387,0.79,0.814
GAT,0,192,0.2468384951353073,0.788,0.814
GAT,0,193,0.22875328361988068,0.786,0.814
GAT,0,194,0.2319529950618744,0.786,0.815
GAT,0,195,0.25731438398361206,0.786,0.813
GAT,0,196,0.2205405980348587,0.79,0.811
GAT,0,197,0.25063198804855347,0.79,0.812
GAT,0,198,0.21788422763347626,0.786,0.811
GAT,0,199,0.24927248060703278,0.786,0.811
GAT,0,200,0.2742061913013458,0.786,0.811
GAT,1,1,1.9465413093566895,0.256,0.257
GAT,1,2,1.9359067678451538,0.424,0.432
GAT,1,3,1.9253566265106201,0.522,0.54
GAT,1,4,1.9148786067962646,0.61,0.601
GAT,1,5,1.9069950580596924,0.68,0.684
GAT,1,6,1.8982210159301758,0.736,0.734
GAT,1,7,1.8856106996536255,0.766,0.775
GAT,1,8,1.8710495233535767,0.784,0.78
GAT,1,9,1.8603160381317139,0.784,0.8
GAT,1,10,1.8451995849609375,0.788,0.801
GAT,1,11,1.8352934122085571,0.798,0.804
GAT,1,12,1.8205375671386719,0.8,0.807
GAT,1,13,1.8151437044143677,0.802,0.809
GAT,1,14,1.7980164289474487,0.808,0.808
GAT,1,15,1.7825844287872314,0.81,0.812
GAT,1,16,1.765682339668274,0.814,0.819
GAT,1,17,1.7479826211929321,0.818,0.823
GAT,1,18,1.7463327646255493,0.82,0.823
GAT,1,19,1.7183408737182617,0.812,0.822
GAT,1,20,1.6846022605895996,0.816,0.826
GAT,1,21,1.6816593408584595,0.818,0.83
GAT,1,22,1.6746916770935059,0.82,0.828
GAT,1,23,1.6482783555984497,0.816,0.829
GAT,1,24,1.6340898275375366,0.81,0.824
GAT,1,25,1.6088799238204956,0.806,0.825
GAT,1,26,1.5853776931762695,0.806,0.824
GAT,1,27,1.5685746669769287,0.802,0.816
GAT,1,28,1.5421254634857178,0.806,0.813
GAT,1,29,1.5220696926116943,0.804,0.818
GAT,1,30,1.5116716623306274,0.804,0.816
GAT,1,31,1.4669307470321655,0.81,0.818
GAT,1,32,1.463113784790039,0.81,0.817
GAT,1,33,1.4188203811645508,0.808,0.814
GAT,1,34,1.416677474975586,0.806,0.813
GAT,1,35,1.3763833045959473,0.804,0.812
GAT,1,36,1.3695337772369385,0.808,0.817
GAT,1,37,1.3368028402328491,0.808,0.821
GAT,1,38,1.339107871055603,0.808,0.821
GAT,1,39,1.2740082740783691,0.808,0.821
GAT,1,40,1.2672877311706543,0.806,0.819
GAT,1,41,1.2618184089660645,0.808,0.817
GAT,1,42,1.2240970134735107,0.808,0.82
GAT,1,43,1.1884346008300781,0.806,0.817
GAT,1,44,1.1936074495315552,0.808,0.814
GAT,1,45,1.1711446046829224,0.808,0.813
GAT,1,46,1.15121328830719,0.808,0.811
GAT,1,47,1.1031932830810547,0.8,0.806
GAT,1,48,1.0802427530288696,0.796,0.803
GAT,1,49,1.0639694929122925,0.798,0.801
GAT,1,50,1.0536357164382935,0.798,0.797
GAT,1,51,0.9704716205596924,0.798,0.797
GAT,1,52,0.9904107451438904,0.798,0.798
GAT,1,53,0.9478161334991455,0.798,0.797
GAT,1,54,0.9399211406707764,0.794,0.792
GAT,1,55,0.8975913524627686,0.794,0.793
GAT,1,56,0.9486923217773438,0.796,0.791
GAT,1,57,0.8965604901313782,0.796,0.79
GAT,1,58,0.8940627574920654,0.796,0.788
GAT,1,59,0.8612734079360962,0.796,0.789
GAT,1,60,0.8361561894416809,0.796,0.788
GAT,1,61,0.7888364791870117,0.794,0.787
GAT,1,62,0.7437819838523865,0.794,0.786
GAT,1,63,0.7357507944107056,0.798,0.785
GAT,1,64,0.7243446707725525,0.8,0.786
GAT,1,65,0.7652961015701294,0.798,0.787
GAT,1,66,0.7097468972206116,0.796,0.792
GAT,1,67,0.6838124394416809,0.796,0.79
GAT,1,68,0.6780646443367004,0.798,0.782
GAT,1,69,0.7192402482032776,0.8,0.783
GAT,1,70,0.6877974271774292,0.798,0.78
GAT,1,71,0.6247127056121826,0.796,0.776
GAT,1,72,0.6414194107055664,0.792,0.772
GAT,1,73,0.5963042378425598,0.788,0.768
GAT,1,74,0.6350741982460022,0.788,0.768
GAT,1,75,0.6308367848396301,0.79,0.775
GAT,1,76,0.612017035484314,0.794,0.775
GAT,1,77,0.5728157162666321,0.792,0.777
GAT,1,78,0.570391833782196,0.794,0.781
GAT,1,79,0.547812283039093,0.79,0.785
GAT,1,80,0.551350474357605,0.792,0.786
GAT,1,81,0.5172187089920044,0.798,0.789
GAT,1,82,0.5053026080131531,0.8,0.79
GAT,1,83,0.5082165598869324,0.798,0.789
GAT,1,84,0.5812215805053711,0.794,0.79
GAT,1,85,0.4935198724269867,0.792,0.789
GAT,1,86,0.5216192603111267,0.788,0.787
GAT,1,87,0.48174265027046204,0.786,0.782
GAT,1,88,0.5343284010887146,0.786,0.772
GAT,1,89,0.47687846422195435,0.788,0.771
GAT,1,90,0.48927563428878784,0.788,0.772
GAT,1,91,0.47437456250190735,0.788,0.767
GAT,1,92,0.4688929319381714,0.79,0.767
GAT,1,93,0.45690467953681946,0.79,0.768
GAT,1,94,0.44589802622795105,0.794,0.774
GAT,1,95,0.4222962260246277,0.792,0.783
GAT,1,96,0.4270504415035248,0.794,0.787
GAT,1,97,0.44933581352233887,0.792,0.785
GAT,1,98,0.4112076163291931,0.792,0.786
GAT,1,99,0.42637988924980164,0.796,0.787
GAT,1,100,0.41423049569129944,0.794,0.788
GAT,1,101,0.40153247117996216,0.794,0.789
GAT,1,102,0.397288978099823,0.794,0.789
GAT,1,103,0.38048210740089417,0.79,0.789
GAT,1,104,0.4552931487560272,0.792,0.79
GAT,1,105,0.39642199873924255,0.788,0.789
GAT,1,106,0.3784123659133911,0.786,0.787
GAT,1,107,0.37393712997436523,0.788,0.784
GAT,1,108,0.380773663520813,0.786,0.778
GAT,1,109,0.3792448043823242,0.782,0.775
GAT,1,110,0.3987392783164978,0.782,0.772
GAT,1,111,0.36130616068840027,0.78,0.771
GAT,1,112,0.3821153938770294,0.78,0.766
GAT,1,113,0.34092262387275696,0.782,0.769
GAT,1,114,0.31898802518844604,0.782,0.771
GAT,1,115,0.3754758834838867,0.788,0.781
GAT,1,116,0.3541111350059509,0.788,0.785
GAT,1,117,0.38818272948265076,0.792,0.788
GAT,1,118,0.39486464858055115,0.792,0.789
GAT,1,119,0.339243620634079,0.788,0.787
GAT,1,120,0.3503684401512146,0.788,0.785
GAT,1,121,0.3770682215690613,0.788,0.784
GAT,1,122,0.3661613464355469,0.79,0.783
GAT,1,123,0.35407939553260803,0.79,0.784
GAT,1,124,0.4016599655151367,0.788,0.782
GAT,1,125,0.35886263847351074,0.79,0.784
GAT,1,126,0.3263051509857178,0.782,0.783
GAT,1,127,0.3248962461948395,0.782,0.779
GAT,1,128,0.3450757563114166,0.78,0.777
GAT,1,129,0.3358161151409149,0.778,0.778
GAT,1,130,0.3306361734867096,0.778,0.778
GAT,1,131,0.3255893290042877,0.776,0.777
GAT,1,132,0.28770551085472107,0.784,0.777
GAT,1,133,0.37009432911872864,0.788,0.777
GAT,1,134,0.3420954644680023,0.788,0.777
GAT,1,135,0.2994818687438965,0.788,0.781
GAT,1,136,0.33720919489860535,0.786,0.775
GAT,1,137,0.30485793948173523,0.786,0.775
GAT,1,138,0.35237133502960205,0.786,0.772
GAT,1,139,0.33736735582351685,0.788,0.771
GAT,1,140,0.35822781920433044,0.788,0.771
GAT,1,141,0.3071020841598511,0.788,0.771
GAT,1,142,0.2792373597621918,0.786,0.771
GAT,1,143,0.29392626881599426,0.786,0.772
GAT,1,144,0.31764858961105347,0.79,0.777
GAT,1,145,0.29506561160087585,0.79,0.777
GAT,1,146,0.29656344652175903,0.792,0.775
GAT,1,147,0.312325656414032,0.79,0.777
GAT,1,148,0.3064742088317871,0.79,0.781
GAT,1,149,0.308237224817276,0.798,0.782
GAT,1,150,0.3079550564289093,0.802,0.786
GAT,1,151,0.2935744524002075,0.802,0.787
GAT,1,152,0.28586331009864807,0.802,0.785
GAT,1,153,0.2995770573616028,0.798,0.785
GAT,1,154,0.26729512214660645,0.8,0.783
GAT,1,155,0.262001097202301,0.8,0.784
GAT,1,156,0.31105372309684753,0.798,0.783
GAT,1,157,0.2723701000213623,0.8,0.783
GAT,1,158,0.3072248101234436,0.802,0.783
GAT,1,159,0.30784180760383606,0.802,0.785
GAT,1,160,0.27257049083709717,0.802,0.786
GAT,1,161,0.3114786744117737,0.8,0.786
GAT,1,162,0.2926943004131317,0.8,0.784
GAT,1,163,0.2585667073726654,0.8,0.782
GAT,1,164,0.3231692910194397,0.794,0.779
GAT,1,165,0.30013737082481384,0.782,0.776
GAT,1,166,0.3077124357223511,0.782,0.775
GAT,1,167,0.3167452812194824,0.78,0.774
GAT,1,168,0.28636905550956726,0.784,0.776
GAT,1,169,0.254171222448349,0.784,0.78
GAT,1,170,0.26364627480506897,0.788,0.777
GAT,1,171,0.30671969056129456,0.786,0.778
GAT,1,172,0.26316049695014954,0.79,0.776
GAT,1,173,0.31469497084617615,0.796,0.779
GAT,1,174,0.2765672206878662,0.798,0.783
GAT,1,175,0.2616993486881256,0.796,0.783
GAT,1,176,0.265210896730423,0.796,0.782
GAT,1,177,0.2728893756866455,0.794,0.787
GAT,1,178,0.2391442507505417,0.794,0.786
GAT,1,179,0.2654075026512146,0.796,0.787
GAT,1,180,0.24078412353992462,0.8,0.782
GAT,1,181,0.27934303879737854,0.798,0.781
GAT,1,182,0.2541939318180084,0.798,0.783
GAT,1,183,0.22681504487991333,0.794,0.787
GAT,1,184,0.24743396043777466,0.794,0.792
GAT,1,185,0.24286417663097382,0.796,0.794
GAT,1,186,0.237704336643219,0.794,0.794
GAT,1,187,0.22318720817565918,0.796,0.793
GAT,1,188,0.26842254400253296,0.8,0.792
GAT,1,189,0.249820277094841,0.804,0.792
GAT,1,190,0.3022133409976959,0.798,0.789
GAT,1,191,0.25917163491249084,0.794,0.786
GAT,1,192,0.23407390713691711,0.792,0.782
GAT,1,193,0.28021466732025146,0.792,0.782
GAT,1,194,0.25544506311416626,0.792,0.786
GAT,1,195,0.2525534927845001,0.796,0.787
GAT,1,196,0.2639225423336029,0.798,0.784
GAT,1,197,0.25264954566955566,0.8,0.788
GAT,1,198,0.2626843750476837,0.802,0.79
GAT,1,199,0.2697887718677521,0.804,0.791
GAT,1,200,0.24998819828033447,0.806,0.792
GAT,2,1,1.9443135261535645,0.296,0.309
GAT,2,2,1.932163119316101,0.392,0.411
GAT,2,3,1.9224389791488647,0.5,0.491
GAT,2,4,1.912964105606079,0.564,0.578
GAT,2,5,1.8988628387451172,0.604,0.609
GAT,2,6,1.8910424709320068,0.63,0.651
GAT,2,7,1.880619764328003,0.658,0.661
GAT,2,8,1.8706594705581665,0.658,0.679
GAT,2,9,1.8559818267822266,0.68,0.686
GAT,2,10,1.847817301750183,0.694,0.694
GAT,2,11,1.830317497253418,0.702,0.701
GAT,2,12,1.8189172744750977,0.708,0.709
GAT,2,13,1.8094199895858765,0.718,0.72
GAT,2,14,1.7857508659362793,0.736,0.74
GAT,2,15,1.7787306308746338,0.75,0.749
GAT,2,16,1.7574790716171265,0.772,0.757
GAT,2,17,1.7435932159423828,0.782,0.764
GAT,2,18,1.7428659200668335,0.784,0.775
GAT,2,19,1.7017619609832764,0.786,0.788
GAT,2,20,1.6860178709030151,0.79,0.786
GAT,2,21,1.6836738586425781,0.792,0.794
GAT,2,22,1.6537647247314453,0.792,0.801
GAT,2,23,1.6512664556503296,0.794,0.799
GAT,2,24,1.6149755716323853,0.79,0.798
GAT,2,25,1.6121978759765625,0.788,0.798
GAT,2,26,1.5729204416275024,0.788,0.796
GAT,2,27,1.5535153150558472,0.788,0.788
GAT,2,28,1.541401982307434,0.792,0.785
GAT,2,29,1.5227677822113037,0.784,0.778
GAT,2,30,1.4944700002670288,0.78,0.774
GAT,2,31,1.4840350151062012,0.776,0.773
GAT,2,32,1.457155704498291,0.778,0.772
GAT,2,33,1.4213331937789917,0.78,0.769
GAT,2,34,1.4098163843154907,0.786,0.767
GAT,2,35,1.3792332410812378,0.782,0.773
GAT,2,36,1.3639774322509766,0.778,0.779
GAT,2,37,1.3360595703125,0.778,0.777
GAT,2,38,1.2813265323638916,0.776,0.776
GAT,2,39,1.2905210256576538,0.776,0.774
GAT,2,40,1.289390206336975,0.776,0.773
GAT,2,41,1.2721792459487915,0.78,0.776
GAT,2,42,1.2333041429519653,0.788,0.776
GAT,2,43,1.2065398693084717,0.79,0.781
GAT,2,44,1.1631463766098022,0.792,0.785
GAT,2,45,1.1182334423065186,0.796,0.785
GAT,2,46,1.1412854194641113,0.794,0.791
GAT,2,47,1.0846357345581055,0.794,0.793
GAT,2,48,1.0555769205093384,0.794,0.793
GAT,2,49,1.047950267791748,0.798,0.795
GAT,2,50,1.0277506113052368,0.798,0.796
GAT,2,51,0.9828484654426575,0.798,0.804
GAT,2,52,0.9953680634498596,0.8,0.807
GAT,2,53,0.9615273475646973,0.794,0.811
GAT,2,54,0.921861469745636,0.794,0.811
GAT,2,55,0.9064779281616211,0.792,0.813
GAT,2,56,0.921414852142334,0.79,0.818
GAT,2,57,0.8538752198219299,0.792,0.818
GAT,2,58,0.8351964354515076,0.798,0.819
GAT,2,59,0.8286683559417725,0.796,0.816
GAT,2,60,0.79546719789505,0.792,0.815
GAT,2,61,0.8158798813819885,0.792,0.814
GAT,2,62,0.7760628461837769,0.794,0.811
GAT,2,63,0.7630140781402588,0.796,0.807
GAT,2,64,0.751102864742279,0.794,0.803
GAT,2,65,0.7566912770271301,0.798,0.805
GAT,2,66,0.7217588424682617,0.796,0.802
GAT,2,67,0.6981859803199768,0.798,0.801
GAT,2,68,0.6962165236473083,0.798,0.805
GAT,2,69,0.6782243251800537,0.798,0.806
GAT,2,70,0.6325432062149048,0.802,0.81
GAT,2,71,0.5728623270988464,0.8,0.81
GAT,2,72,0.6202380657196045,0.794,0.818
GAT,2,73,0.6359582543373108,0.792,0.817
GAT,2,74,0.6089650988578796,0.788,0.815
GAT,2,75,0.5636227130889893,0.794,0.816
GAT,2,76,0.5926648378372192,0.794,0.817
GAT,2,77,0.564710259437561,0.792,0.82
GAT,2,78,0.6082444787025452,0.792,0.82
GAT,2,79,0.6095113158226013,0.796,0.818
GAT,2,80,0.5869954228401184,0.798,0.819
GAT,2,81,0.517685055732727,0.8,0.82
GAT,2,82,0.5413728356361389,0.804,0.816
GAT,2,83,0.4916163980960846,0.808,0.816
GAT,2,84,0.514590322971344,0.808,0.812
GAT,2,85,0.4919043481349945,0.804,0.812
GAT,2,86,0.5222502946853638,0.794,0.812
GAT,2,87,0.48957207798957825,0.796,0.815
GAT,2,88,0.4979484975337982,0.796,0.814
GAT,2,89,0.4811282157897949,0.794,0.814
GAT,2,90,0.476555734872818,0.794,0.809
GAT,2,91,0.47924789786338806,0.792,0.81
GAT,2,92,0.4776698052883148,0.794,0.812
GAT,2,93,0.421074241399765,0.792,0.815
GAT,2,94,0.45106086134910583,0.794,0.817
GAT,2,95,0.43331292271614075,0.794,0.817
GAT,2,96,0.4300656318664551,0.8,0.816
GAT,2,97,0.45725217461586,0.802,0.82
GAT,2,98,0.39205318689346313,0.802,0.819
GAT,2,99,0.44084247946739197,0.798,0.82
GAT,2,100,0.4147995412349701,0.796,0.819
GAT,2,101,0.398994505405426,0.798,0.814
GAT,2,102,0.4174301028251648,0.794,0.808
GAT,2,103,0.39550715684890747,0.8,0.805
GAT,2,104,0.41362351179122925,0.794,0.804
GAT,2,105,0.3864147365093231,0.79,0.803
GAT,2,106,0.40662169456481934,0.784,0.805
GAT,2,107,0.37604856491088867,0.782,0.805
GAT,2,108,0.3763085901737213,0.782,0.808
GAT,2,109,0.4162423014640808,0.784,0.809
GAT,2,110,0.4273923337459564,0.782,0.81
GAT,2,111,0.37476834654808044,0.782,0.812
GAT,2,112,0.3198945224285126,0.782,0.812
GAT,2,113,0.3765623867511749,0.786,0.815
GAT,2,114,0.39860373735427856,0.786,0.816
GAT,2,115,0.331525981426239,0.786,0.815
GAT,2,116,0.36639589071273804,0.79,0.816
GAT,2,117,0.3449910879135132,0.788,0.818
GAT,2,118,0.3501701056957245,0.792,0.815
GAT,2,119,0.3684156835079193,0.792,0.816
GAT,2,120,0.33661794662475586,0.792,0.817
GAT,2,121,0.3757247030735016,0.79,0.817
GAT,2,122,0.4218875467777252,0.79,0.814
GAT,2,123,0.3694971203804016,0.786,0.815
GAT,2,124,0.35429373383522034,0.784,0.814
GAT,2,125,0.34163379669189453,0.786,0.815
GAT,2,126,0.3647397458553314,0.786,0.814
GAT,2,127,0.2985835373401642,0.784,0.812
GAT,2,128,0.32377201318740845,0.788,0.81
GAT,2,129,0.34071415662765503,0.784,0.811
GAT,2,130,0.35554033517837524,0.784,0.812
GAT,2,131,0.2982428967952728,0.784,0.811
GAT,2,132,0.3093492090702057,0.782,0.809
GAT,2,133,0.31752845644950867,0.782,0.81
GAT,2,134,0.3199141323566437,0.782,0.809
GAT,2,135,0.32121825218200684,0.784,0.81
GAT,2,136,0.3262006342411041,0.782,0.808
GAT,2,137,0.33500856161117554,0.786,0.814
GAT,2,138,0.27716922760009766,0.784,0.817
GAT,2,139,0.28010499477386475,0.79,0.814
GAT,2,140,0.3116714358329773,0.79,0.815
GAT,2,141,0.3116607367992401,0.79,0.814
GAT,2,142,0.29031383991241455,0.786,0.811
GAT,2,143,0.2856723368167877,0.788,0.813
GAT,2,144,0.29088953137397766,0.788,0.811
GAT,2,145,0.28885558247566223,0.784,0.813
GAT,2,146,0.2893630862236023,0.784,0.817
GAT,2,147,0.33791589736938477,0.782,0.816
GAT,2,148,0.2800275385379791,0.784,0.814
GAT,2,149,0.2953813672065735,0.786,0.819
GAT,2,150,0.3205347955226898,0.792,0.818
GAT,2,151,0.26277974247932434,0.794,0.819
GAT,2,152,0.26113161444664,0.794,0.817
GAT,2,153,0.3238253593444824,0.798,0.817
GAT,2,154,0.3268410265445709,0.796,0.817
GAT,2,155,0.3440362215042114,0.794,0.818
GAT,2,156,0.2674892842769623,0.792,0.815
GAT,2,157,0.32512804865837097,0.792,0.814
GAT,2,158,0.2920180857181549,0.79,0.812
GAT,2,159,0.28220242261886597,0.788,0.81
GAT,2,160,0.2517871558666229,0.786,0.81
GAT,2,161,0.31142881512641907,0.784,0.81
GAT,2,162,0.3166632652282715,0.79,0.815
GAT,2,163,0.28207188844680786,0.794,0.816
GAT,2,164,0.2785593271255493,0.794,0.818
GAT,2,165,0.28674837946891785,0.79,0.82
GAT,2,166,0.2703685462474823,0.788,0.82
GAT,2,167,0.30051320791244507,0.79,0.82
GAT,2,168,0.21520094573497772,0.79,0.819
GAT,2,169,0.28778427839279175,0.792,0.818
GAT,2,170,0.3032417893409729,0.788,0.824
GAT,2,171,0.2799379825592041,0.792,0.823
GAT,2,172,0.29127416014671326,0.796,0.82
GAT,2,173,0.23001329600811005,0.796,0.82
GAT,2,174,0.2947121262550354,0.796,0.82
GAT,2,175,0.2508111894130707,0.796,0.818
GAT,2,176,0.28934144973754883,0.798,0.82
GAT,2,177,0.3037283718585968,0.79,0.819
GAT,2,178,0.2783999443054199,0.788,0.818
GAT,2,179,0.3041369318962097,0.788,0.817
GAT,2,180,0.24055011570453644,0.79,0.813
GAT,2,181,0.2607094645500183,0.79,0.813
GAT,2,182,0.25717416405677795,0.79,0.812
GAT,2,183,0.22478730976581573,0.792,0.813
GAT,2,184,0.2677249312400818,0.792,0.812
GAT,2,185,0.25165459513664246,0.796,0.811
GAT,2,186,0.2380058616399765,0.79,0.811
GAT,2,187,0.22220134735107422,0.79,0.811
GAT,2,188,0.2863248586654663,0.796,0.808
GAT,2,189,0.2522481083869934,0.796,0.806
GAT,2,190,0.28509461879730225,0.796,0.808
GAT,2,191,0.2497560828924179,0.79,0.81
GAT,2,192,0.2664215564727783,0.796,0.814
GAT,2,193,0.23636505007743835,0.802,0.818
GAT,2,194,0.24737854301929474,0.804,0.816
GAT,2,195,0.25510939955711365,0.804,0.813
GAT,2,196,0.23833389580249786,0.8,0.812
GAT,2,197,0.2813006341457367,0.798,0.814
GAT,2,198,0.2500351369380951,0.8,0.812
GAT,2,199,0.2511254847049713,0.796,0.819
GAT,2,200,0.22836202383041382,0.79,0.813
GAT,3,1,1.9450334310531616,0.45,0.443
GAT,3,2,1.9341470003128052,0.68,0.684
GAT,3,3,1.9239290952682495,0.726,0.737
GAT,3,4,1.9110214710235596,0.722,0.72
GAT,3,5,1.904565453529358,0.71,0.712
GAT,3,6,1.8909677267074585,0.696,0.707
GAT,3,7,1.8806102275848389,0.714,0.718
GAT,3,8,1.8643611669540405,0.724,0.714
GAT,3,9,1.8572396039962769,0.73,0.718
GAT,3,10,1.8424338102340698,0.744,0.744
GAT,3,11,1.8274855613708496,0.77,0.755
GAT,3,12,1.81620192527771,0.778,0.762
GAT,3,13,1.8041203022003174,0.786,0.78
GAT,3,14,1.7815901041030884,0.794,0.798
GAT,3,15,1.7705705165863037,0.796,0.804
GAT,3,16,1.7469637393951416,0.798,0.807
GAT,3,17,1.7282841205596924,0.804,0.808
GAT,3,18,1.7210979461669922,0.808,0.811
GAT,3,19,1.7055679559707642,0.81,0.811
GAT,3,20,1.6888831853866577,0.81,0.808
GAT,3,21,1.6693049669265747,0.808,0.806
GAT,3,22,1.665846586227417,0.81,0.807
GAT,3,23,1.627515196800232,0.812,0.809
GAT,3,24,1.5986028909683228,0.816,0.813
GAT,3,25,1.5993751287460327,0.816,0.814
GAT,3,26,1.5606681108474731,0.81,0.81
GAT,3,27,1.5433979034423828,0.808,0.81
GAT,3,28,1.5437343120574951,0.806,0.803
GAT,3,29,1.4901549816131592,0.804,0.803
GAT,3,30,1.4732017517089844,0.802,0.801
GAT,3,31,1.4429125785827637,0.8,0.799
GAT,3,32,1.4552031755447388,0.8,0.797
GAT,3,33,1.4266184568405151,0.804,0.796
GAT,3,34,1.4010231494903564,0.804,0.797
GAT,3,35,1.3656591176986694,0.804,0.799
GAT,3,36,1.3230215311050415,0.8,0.796
GAT,3,37,1.3129559755325317,0.8,0.798
GAT,3,38,1.297192931175232,0.802,0.801
GAT,3,39,1.2309939861297607,0.804,0.802
GAT,3,40,1.2623060941696167,0.804,0.804
GAT,3,41,1.2412482500076294,0.802,0.808
GAT,3,42,1.177748203277588,0.802,0.809
GAT,3,43,1.1726875305175781,0.802,0.807
GAT,3,44,1.1455594301223755,0.804,0.809
GAT,3,45,1.0957863330841064,0.802,0.808
GAT,3,46,1.0912708044052124,0.802,0.808
GAT,3,47,1.0816611051559448,0.798,0.809
GAT,3,48,1.040596842765808,0.798,0.806
GAT,3,49,1.03630530834198,0.798,0.808
GAT,3,50,1.0026463270187378,0.796,0.808
GAT,3,51,0.9865030646324158,0.8,0.805
GAT,3,52,0.9549788236618042,0.794,0.804
GAT,3,53,0.9587694406509399,0.802,0.805
GAT,3,54,0.8912533521652222,0.798,0.809
GAT,3,55,0.8828375935554504,0.798,0.81
GAT,3,56,0.8907781839370728,0.796,0.811
GAT,3,57,0.8700597286224365,0.794,0.808
GAT,3,58,0.8194977641105652,0.794,0.806
GAT,3,59,0.7933028936386108,0.79,0.802
GAT,3,60,0.8096061944961548,0.792,0.801
GAT,3,61,0.7896321415901184,0.796,0.799
GAT,3,62,0.7788075804710388,0.798,0.804
GAT,3,63,0.7534205913543701,0.796,0.804
GAT,3,64,0.7272607684135437,0.804,0.803
GAT,3,65,0.7195007801055908,0.802,0.804
GAT,3,66,0.7293725609779358,0.798,0.802
GAT,3,67,0.6548015475273132,0.794,0.801
GAT,3,68,0.6663893461227417,0.79,0.802
GAT,3,69,0.6477946639060974,0.788,0.806
GAT,3,70,0.63587886095047,0.784,0.803
GAT,3,71,0.6318117380142212,0.784,0.797
GAT,3,72,0.676144003868103,0.782,0.797
GAT,3,73,0.6448265910148621,0.784,0.804
GAT,3,74,0.5992484092712402,0.786,0.802
GAT,3,75,0.6344645619392395,0.786,0.8
GAT,3,76,0.6130447387695312,0.792,0.799
GAT,3,77,0.5877640843391418,0.792,0.801
GAT,3,78,0.5331131815910339,0.798,0.802
GAT,3,79,0.5578495860099792,0.798,0.806
GAT,3,80,0.5665408372879028,0.796,0.804
GAT,3,81,0.5370839238166809,0.792,0.805
GAT,3,82,0.5247045755386353,0.792,0.804
GAT,3,83,0.4672366976737976,0.782,0.803
GAT,3,84,0.5369195938110352,0.784,0.799
GAT,3,85,0.5253966450691223,0.782,0.794
GAT,3,86,0.4785040318965912,0.782,0.793
GAT,3,87,0.523212730884552,0.786,0.792
GAT,3,88,0.49003884196281433,0.784,0.788
GAT,3,89,0.4734244644641876,0.784,0.788
GAT,3,90,0.4976479709148407,0.786,0.789
GAT,3,91,0.43240031599998474,0.784,0.789
GAT,3,92,0.4621477425098419,0.784,0.788
GAT,3,93,0.4198765754699707,0.784,0.79
GAT,3,94,0.4359888434410095,0.784,0.789
GAT,3,95,0.41524258255958557,0.782,0.793
GAT,3,96,0.4843578338623047,0.782,0.792
GAT,3,97,0.4369335472583771,0.78,0.794
GAT,3,98,0.4059292674064636,0.778,0.794
GAT,3,99,0.42947667837142944,0.776,0.795
GAT,3,100,0.40642914175987244,0.776,0.795
GAT,3,101,0.43312183022499084,0.776,0.796
GAT,3,102,0.3821186423301697,0.776,0.797
GAT,3,103,0.3884873688220978,0.776,0.798
GAT,3,104,0.3943901062011719,0.778,0.798
GAT,3,105,0.40199705958366394,0.776,0.801
GAT,3,106,0.4139867424964905,0.778,0.801
GAT,3,107,0.39149367809295654,0.782,0.801
GAT,3,108,0.40301230549812317,0.778,0.798
GAT,3,109,0.41774216294288635,0.782,0.796
GAT,3,110,0.3653509318828583,0.782,0.795
GAT,3,111,0.36633434891700745,0.782,0.796
GAT,3,112,0.3474806249141693,0.782,0.792
GAT,3,113,0.3767612874507904,0.784,0.789
GAT,3,114,0.3631039559841156,0.784,0.786
GAT,3,115,0.349594384431839,0.784,0.786
GAT,3,116,0.3654767572879791,0.784,0.786
GAT,3,117,0.3326362669467926,0.79,0.787
GAT,3,118,0.34224632382392883,0.788,0.791
GAT,3,119,0.37870946526527405,0.786,0.792
GAT,3,120,0.348143994808197,0.786,0.793
GAT,3,121,0.3434112071990967,0.784,0.79
GAT,3,122,0.36419764161109924,0.786,0.792
GAT,3,123,0.35089874267578125,0.788,0.796
GAT,3,124,0.33112993836402893,0.788,0.794
GAT,3,125,0.3893253207206726,0.788,0.794
GAT,3,126,0.3337484300136566,0.79,0.799
GAT,3,127,0.3844650089740753,0.79,0.8
GAT,3,128,0.3340417444705963,0.786,0.8
GAT,3,129,0.3781863749027252,0.786,0.799
GAT,3,130,0.3745136260986328,0.788,0.801
GAT,3,131,0.3367941379547119,0.784,0.802
GAT,3,132,0.33846649527549744,0.78,0.801
GAT,3,133,0.3684810698032379,0.78,0.798
GAT,3,134,0.31844234466552734,0.78,0.795
GAT,3,135,0.3192541003227234,0.78,0.793
GAT,3,136,0.3089058995246887,0.78,0.787
GAT,3,137,0.3336164057254791,0.778,0.788
GAT,3,138,0.3152284622192383,0.78,0.784
GAT,3,139,0.3001043200492859,0.78,0.784
GAT,3,140,0.3438045084476471,0.776,0.78
GAT,3,141,0.381576269865036,0.776,0.782
GAT,3,142,0.28480297327041626,0.78,0.779
GAT,3,143,0.2581550180912018,0.782,0.785
GAT,3,144,0.30273738503456116,0.794,0.791
GAT,3,145,0.2837793231010437,0.794,0.795
GAT,3,146,0.3123958706855774,0.798,0.792
GAT,3,147,0.2970232367515564,0.796,0.795
GAT,3,148,0.2823619842529297,0.796,0.801
GAT,3,149,0.28541818261146545,0.794,0.803
GAT,3,150,0.3233886659145355,0.794,0.803
GAT,3,151,0.3036873936653137,0.792,0.801
GAT,3,152,0.29690131545066833,0.788,0.799
GAT,3,153,0.25849610567092896,0.782,0.795
GAT,3,154,0.26843273639678955,0.78,0.789
GAT,3,155,0.2934354841709137,0.782,0.788
GAT,3,156,0.31094932556152344,0.786,0.782
GAT,3,157,0.2975003719329834,0.782,0.782
GAT,3,158,0.2652147114276886,0.782,0.784
GAT,3,159,0.31055253744125366,0.78,0.782
GAT,3,160,0.28911858797073364,0.78,0.787
GAT,3,161,0.24806788563728333,0.78,0.791
GAT,3,162,0.29343655705451965,0.78,0.793
GAT,3,163,0.2697739005088806,0.782,0.793
GAT,3,164,0.3064711391925812,0.786,0.793
GAT,3,165,0.28817883133888245,0.786,0.796
GAT,3,166,0.25993865728378296,0.786,0.792
GAT,3,167,0.28183358907699585,0.786,0.792
GAT,3,168,0.23937903344631195,0.786,0.794
GAT,3,169,0.26395684480667114,0.792,0.792
GAT,3,170,0.2635895907878876,0.792,0.791
GAT,3,171,0.31241369247436523,0.788,0.79
GAT,3,172,0.2892737090587616,0.786,0.788
GAT,3,173,0.2842157781124115,0.786,0.785
GAT,3,174,0.2524734437465668,0.788,0.786
GAT,3,175,0.23644134402275085,0.788,0.788
GAT,3,176,0.27522706985473633,0.786,0.789
GAT,3,177,0.27170678973197937,0.784,0.791
GAT,3,178,0.24233049154281616,0.782,0.79
GAT,3,179,0.24923567473888397,0.782,0.791
GAT,3,180,0.26147395372390747,0.784,0.789
GAT,3,181,0.2881048023700714,0.786,0.792
GAT,3,182,0.26903289556503296,0.786,0.793
GAT,3,183,0.23485995829105377,0.79,0.794
GAT,3,184,0.22283481061458588,0.786,0.792
GAT,3,185,0.2667959928512573,0.786,0.792
GAT,3,186,0.2781491279602051,0.794,0.792
GAT,3,187,0.23354823887348175,0.796,0.794
GAT,3,188,0.22505034506320953,0.798,0.793
GAT,3,189,0.25028517842292786,0.79,0.792
GAT,3,190,0.2885647714138031,0.788,0.791
GAT,3,191,0.3124184310436249,0.786,0.792
GAT,3,192,0.2513967752456665,0.786,0.79
GAT,3,193,0.2671900987625122,0.786,0.792
GAT,3,194,0.23830914497375488,0.788,0.792
GAT,3,195,0.2600317895412445,0.788,0.793
GAT,3,196,0.23573842644691467,0.788,0.794
GAT,3,197,0.250450074672699,0.784,0.791
GAT,3,198,0.2703639566898346,0.784,0.792
GAT,3,199,0.25787782669067383,0.788,0.792
GAT,3,200,0.24602946639060974,0.79,0.796
GAT,4,1,1.9455442428588867,0.26,0.254
GAT,4,2,1.9361286163330078,0.568,0.548
GAT,4,3,1.9234106540679932,0.656,0.643
GAT,4,4,1.9162248373031616,0.676,0.667
GAT,4,5,1.9044402837753296,0.698,0.682
GAT,4,6,1.8954092264175415,0.714,0.717
GAT,4,7,1.884132981300354,0.744,0.736
GAT,4,8,1.8763175010681152,0.768,0.759
GAT,4,9,1.8623325824737549,0.782,0.777
GAT,4,10,1.8479784727096558,0.79,0.793
GAT,4,11,1.8350937366485596,0.788,0.805
GAT,4,12,1.8285465240478516,0.786,0.813
GAT,4,13,1.8182944059371948,0.79,0.814
GAT,4,14,1.795682668685913,0.788,0.81
GAT,4,15,1.7853201627731323,0.786,0.801
GAT,4,16,1.7787914276123047,0.792,0.797
GAT,4,17,1.7508424520492554,0.79,0.792
GAT,4,18,1.7387253046035767,0.792,0.786
GAT,4,19,1.7165168523788452,0.792,0.784
GAT,4,20,1.7006195783615112,0.792,0.788
GAT,4,21,1.7052463293075562,0.79,0.79
GAT,4,22,1.6691834926605225,0.788,0.795
GAT,4,23,1.6516531705856323,0.79,0.799
GAT,4,24,1.6327482461929321,0.8,0.808
GAT,4,25,1.6120156049728394,0.796,0.81
GAT,4,26,1.5881657600402832,0.796,0.81
GAT,4,27,1.566893219947815,0.79,0.809
GAT,4,28,1.5333898067474365,0.788,0.808
GAT,4,29,1.5333529710769653,0.79,0.808
GAT,4,30,1.5132845640182495,0.788,0.805
GAT,4,31,1.4894646406173706,0.788,0.805
GAT,4,32,1.4690754413604736,0.79,0.807
GAT,4,33,1.4466309547424316,0.79,0.802
GAT,4,34,1.434597373008728,0.794,0.801
GAT,4,35,1.3859920501708984,0.79,0.801
GAT,4,36,1.3731111288070679,0.79,0.803
GAT,4,37,1.3597532510757446,0.788,0.799
GAT,4,38,1.3354949951171875,0.786,0.801
GAT,4,39,1.3170595169067383,0.786,0.8
GAT,4,40,1.2651220560073853,0.786,0.801
GAT,4,41,1.2649338245391846,0.79,0.799
GAT,4,42,1.2303627729415894,0.792,0.799
GAT,4,43,1.205701231956482,0.794,0.797
GAT,4,44,1.1689773797988892,0.796,0.8
GAT,4,45,1.1715447902679443,0.794,0.801
GAT,4,46,1.1305986642837524,0.794,0.8
GAT,4,47,1.105379343032837,0.794,0.801
GAT,4,48,1.0960577726364136,0.794,0.802
GAT,4,49,1.0832985639572144,0.794,0.803
GAT,4,50,1.040952205657959,0.794,0.802
GAT,4,51,0.988599419593811,0.796,0.8
GAT,4,52,0.9832892417907715,0.792,0.802
GAT,4,53,0.999584436416626,0.788,0.8
GAT,4,54,0.8985630869865417,0.78,0.799
GAT,4,55,0.9630808234214783,0.782,0.797
GAT,4,56,0.9201069474220276,0.788,0.796
GAT,4,57,0.9102625846862793,0.784,0.796
GAT,4,58,0.859836220741272,0.782,0.796
GAT,4,59,0.8792803287506104,0.786,0.795
GAT,4,60,0.841693639755249,0.788,0.798
GAT,4,61,0.8314844965934753,0.79,0.797
GAT,4,62,0.7707314491271973,0.788,0.798
GAT,4,63,0.7977126836776733,0.786,0.799
GAT,4,64,0.7327951192855835,0.786,0.809
GAT,4,65,0.7694404721260071,0.786,0.806
GAT,4,66,0.7009618282318115,0.788,0.812
GAT,4,67,0.7031604647636414,0.788,0.817
GAT,4,68,0.7093358039855957,0.794,0.822
GAT,4,69,0.7043215036392212,0.796,0.822
GAT,4,70,0.6856205463409424,0.794,0.822
GAT,4,71,0.6401637196540833,0.796,0.823
GAT,4,72,0.6160101294517517,0.794,0.82
GAT,4,73,0.6399290561676025,0.792,0.818
GAT,4,74,0.608634352684021,0.79,0.815
GAT,4,75,0.5772386193275452,0.784,0.807
GAT,4,76,0.5524669289588928,0.782,0.801
GAT,4,77,0.5653946399688721,0.782,0.801
GAT,4,78,0.5912905335426331,0.782,0.799
GAT,4,79,0.55137038230896,0.784,0.796
GAT,4,80,0.5832448601722717,0.784,0.8
GAT,4,81,0.580354630947113,0.784,0.802
GAT,4,82,0.5655331015586853,0.784,0.803
GAT,4,83,0.5170600414276123,0.786,0.805
GAT,4,84,0.49815869331359863,0.79,0.811
GAT,4,85,0.5460984706878662,0.792,0.819
GAT,4,86,0.47082388401031494,0.79,0.819
GAT,4,87,0.4859282374382019,0.788,0.814
GAT,4,88,0.5089169144630432,0.788,0.815
GAT,4,89,0.47626033425331116,0.79,0.815
GAT,4,90,0.4564889371395111,0.79,0.813
GAT,4,91,0.4671500623226166,0.792,0.804
GAT,4,92,0.4568561911582947,0.788,0.806
GAT,4,93,0.46885213255882263,0.79,0.803
GAT,4,94,0.4534209966659546,0.788,0.804
GAT,4,95,0.4338037073612213,0.786,0.804
GAT,4,96,0.4480340778827667,0.788,0.802
GAT,4,97,0.4375183582305908,0.788,0.807
GAT,4,98,0.41934651136398315,0.784,0.807
GAT,4,99,0.388700008392334,0.784,0.811
GAT,4,100,0.45485514402389526,0.784,0.821
GAT,4,101,0.4386266767978668,0.778,0.821
GAT,4,102,0.41847625374794006,0.786,0.819
GAT,4,103,0.38704395294189453,0.788,0.819
GAT,4,104,0.39600157737731934,0.788,0.818
GAT,4,105,0.40080341696739197,0.786,0.817
GAT,4,106,0.3613186180591583,0.786,0.818
GAT,4,107,0.40521544218063354,0.782,0.815
GAT,4,108,0.3978503942489624,0.782,0.813
GAT,4,109,0.3526761531829834,0.786,0.807
GAT,4,110,0.4151742160320282,0.788,0.805
GAT,4,111,0.36689293384552,0.786,0.806
GAT,4,112,0.3812474310398102,0.786,0.802
GAT,4,113,0.3626423180103302,0.782,0.802
GAT,4,114,0.3846500515937805,0.782,0.803
GAT,4,115,0.3779924511909485,0.782,0.806
GAT,4,116,0.34800705313682556,0.786,0.803
GAT,4,117,0.36052483320236206,0.784,0.801
GAT,4,118,0.35276105999946594,0.786,0.81
GAT,4,119,0.3116433918476105,0.788,0.809
GAT,4,120,0.3277326226234436,0.786,0.812
GAT,4,121,0.3341364860534668,0.792,0.812
GAT,4,122,0.3198930621147156,0.788,0.809
GAT,4,123,0.35834065079689026,0.788,0.81
GAT,4,124,0.3621501624584198,0.788,0.81
GAT,4,125,0.2859077453613281,0.788,0.808
GAT,4,126,0.3111740052700043,0.784,0.808
GAT,4,127,0.30008435249328613,0.782,0.806
GAT,4,128,0.3204983174800873,0.78,0.807
GAT,4,129,0.31672170758247375,0.778,0.807
GAT,4,130,0.2901354432106018,0.776,0.807
GAT,4,131,0.29267552495002747,0.774,0.808
GAT,4,132,0.32722875475883484,0.778,0.807
GAT,4,133,0.3426222801208496,0.776,0.807
GAT,4,134,0.32312726974487305,0.774,0.807
GAT,4,135,0.29084858298301697,0.776,0.807
GAT,4,136,0.316359281539917,0.776,0.808
GAT,4,137,0.3417218327522278,0.776,0.806
GAT,4,138,0.31152498722076416,0.782,0.81
GAT,4,139,0.3168827295303345,0.786,0.811
GAT,4,140,0.3179309666156769,0.786,0.808
GAT,4,141,0.27043360471725464,0.784,0.81
GAT,4,142,0.3140864968299866,0.784,0.81
GAT,4,143,0.2915259897708893,0.786,0.812
GAT,4,144,0.30382251739501953,0.786,0.813
GAT,4,145,0.31518760323524475,0.79,0.813
GAT,4,146,0.2664320170879364,0.788,0.813
GAT,4,147,0.308755487203598,0.786,0.814
GAT,4,148,0.32356953620910645,0.786,0.811
GAT,4,149,0.26629289984703064,0.786,0.812
GAT,4,150,0.2733220160007477,0.786,0.812
GAT,4,151,0.29395341873168945,0.788,0.809
GAT,4,152,0.28909289836883545,0.782,0.808
GAT,4,153,0.3055265545845032,0.786,0.81
GAT,4,154,0.2864600419998169,0.788,0.807
GAT,4,155,0.31002700328826904,0.788,0.808
GAT,4,156,0.2880913317203522,0.786,0.808
GAT,4,157,0.26899254322052,0.784,0.807
GAT,4,158,0.3059052526950836,0.786,0.808
GAT,4,159,0.2631446421146393,0.788,0.809
GAT,4,160,0.2989301085472107,0.788,0.812
GAT,4,161,0.2730133533477783,0.78,0.811
GAT,4,162,0.29059720039367676,0.784,0.812
GAT,4,163,0.28587451577186584,0.778,0.813
GAT,4,164,0.2358773946762085,0.778,0.813
GAT,4,165,0.3166840374469757,0.776,0.816
GAT,4,166,0.3171142339706421,0.774,0.817
GAT,4,167,0.26230549812316895,0.776,0.815
GAT,4,168,0.27791303396224976,0.772,0.815
GAT,4,169,0.23049204051494598,0.778,0.811
GAT,4,170,0.24843338131904602,0.778,0.809
GAT,4,171,0.27886608242988586,0.778,0.808
GAT,4,172,0.24398618936538696,0.778,0.812
GAT,4,173,0.24158106744289398,0.78,0.809
GAT,4,174,0.2770242989063263,0.782,0.811
GAT,4,175,0.24464064836502075,0.778,0.811
GAT,4,176,0.24641543626785278,0.778,0.815
GAT,4,177,0.2675814926624298,0.78,0.812
GAT,4,178,0.27090999484062195,0.784,0.814
GAT,4,179,0.2456851452589035,0.786,0.813
GAT,4,180,0.23761104047298431,0.786,0.816
GAT,4,181,0.2606225311756134,0.782,0.816
GAT,4,182,0.2597196698188782,0.786,0.815
GAT,4,183,0.268661230802536,0.788,0.815
GAT,4,184,0.2732931673526764,0.79,0.817
GAT,4,185,0.2559242248535156,0.79,0.818
GAT,4,186,0.27347874641418457,0.79,0.819
GAT,4,187,0.30389851331710815,0.786,0.818
GAT,4,188,0.19864939153194427,0.784,0.817
GAT,4,189,0.2673223614692688,0.78,0.815
GAT,4,190,0.21569761633872986,0.78,0.81
GAT,4,191,0.24887202680110931,0.778,0.81
GAT,4,192,0.22794729471206665,0.782,0.812
GAT,4,193,0.24109327793121338,0.784,0.808
GAT,4,194,0.26187071204185486,0.784,0.809
GAT,4,195,0.20693673193454742,0.786,0.809
GAT,4,196,0.2323455810546875,0.786,0.811
GAT,4,197,0.25308236479759216,0.786,0.809
GAT,4,198,0.24874818325042725,0.784,0.809
GAT,4,199,0.23970045149326324,0.786,0.815
GAT,4,200,0.25862327218055725,0.788,0.815
